version;wahl-behoerde-gs;wahl-datum;wahl-name;wahl-leiter-gs;wahl-leiter-name;gebiet-ebene-5-nr;gebiet-ebene-5-name;gebiet-ebene-4-nr;gebiet-ebene-4-name;gebiet-ebene-3-nr;gebiet-ebene-3-name;gebiet-ebene-2-nr;gebiet-ebene-2-name;bezirk-nr;bezirk-name;BRIEFWAHLBEZIRK-NR;bezirk-art;bezirk-repräsentativ;kandidat-gebiet-nr;kandidat-gebiet-bezeichnung;stimmzettel-gebiet-nr;stimmzettel-gebiet-bezeichnung
0.3;05914000;23.02.2025;Wahl zum Deutschen Bundestag;05914000;Stadt Hagen;;;;;137;137 Hagen - Ennepe-Ruhr-Kreis I;01;01 Mittelstadt;1011;1011 Volkspark;8001;W;;137;137 Hagen - Ennepe-Ruhr-Kreis I;;
0.3;05914000;23.02.2025;Wahl zum Deutschen Bundestag;05914000;Stadt Hagen;;;;;137;137 Hagen - Ennepe-Ruhr-Kreis I;01;01 Mittelstadt;1012;1012 Theater;8001;W;;137;137 Hagen - Ennepe-Ruhr-Kreis I;;
0.3;05914000;23.02.2025;Wahl zum Deutschen Bundestag;05914000;Stadt Hagen;;;;;137;137 Hagen - Ennepe-Ruhr-Kreis I;01;01 Mittelstadt;1013;1013 Friedrich-Ebert-Platz / Kunstquartier;8002;W;;137;137 Hagen - Ennepe-Ruhr-Kreis I;;
0.3;05914000;23.02.2025;Wahl zum Deutschen Bundestag;05914000;Stadt Hagen;;;;;137;137 Hagen - Ennepe-Ruhr-Kreis I;01;01 Mittelstadt;1014;1014 Kratzkopf;8002;W;;137;137 Hagen - Ennepe-Ruhr-Kreis I;;
0.3;05914000;23.02.2025;Wahl zum Deutschen Bundestag;05914000;Stadt Hagen;;;;;137;137 Hagen - Ennepe-Ruhr-Kreis I;02;02 Altenhagen-Süd;1021;1021 Volmeaue;8003;W;;137;137 Hagen - Ennepe-Ruhr-Kreis I;;
0.3;05914000;23.02.2025;Wahl zum Deutschen Bundestag;05914000;Stadt Hagen;;;;;137;137 Hagen - Ennepe-Ruhr-Kreis I;02;02 Altenhagen-Süd;1022;1022 Funckepark;8003;W;;137;137 Hagen - Ennepe-Ruhr-Kreis I;;
0.3;05914000;23.02.2025;Wahl zum Deutschen Bundestag;05914000;Stadt Hagen;;;;;137;137 Hagen - Ennepe-Ruhr-Kreis I;02;02 Altenhagen-Süd;1023;1023 Yorckstr.;8003;W;;137;137 Hagen - Ennepe-Ruhr-Kreis I;;
0.3;05914000;23.02.2025;Wahl zum Deutschen Bundestag;05914000;Stadt Hagen;;;;;137;137 Hagen - Ennepe-Ruhr-Kreis I;02;02 Altenhagen-Süd;1024;1024 Funckestr.;8004;W;;137;137 Hagen - Ennepe-Ruhr-Kreis I;;
0.3;05914000;23.02.2025;Wahl zum Deutschen Bundestag;05914000;Stadt Hagen;;;;;137;137 Hagen - Ennepe-Ruhr-Kreis I;02;02 Altenhagen-Süd;1025;1025 Am Ischeland;8004;W;;137;137 Hagen - Ennepe-Ruhr-Kreis I;;
0.3;05914000;23.02.2025;Wahl zum Deutschen Bundestag;05914000;Stadt Hagen;;;;;137;137 Hagen - Ennepe-Ruhr-Kreis I;03;03 Altenhagen-West;1031;1031 Adolf- / Sedanstr.;8005;W;;137;137 Hagen - Ennepe-Ruhr-Kreis I;;
0.3;05914000;23.02.2025;Wahl zum Deutschen Bundestag;05914000;Stadt Hagen;;;;;137;137 Hagen - Ennepe-Ruhr-Kreis I;03;03 Altenhagen-West;1032;1032 Brink- / Altenhagener Str.;8005;W;;137;137 Hagen - Ennepe-Ruhr-Kreis I;;
0.3;05914000;23.02.2025;Wahl zum Deutschen Bundestag;05914000;Stadt Hagen;;;;;137;137 Hagen - Ennepe-Ruhr-Kreis I;03;03 Altenhagen-West;1033;1033 St.-Josefs-Hospital;8006;W;;137;137 Hagen - Ennepe-Ruhr-Kreis I;;
0.3;05914000;23.02.2025;Wahl zum Deutschen Bundestag;05914000;Stadt Hagen;;;;;137;137 Hagen - Ennepe-Ruhr-Kreis I;03;03 Altenhagen-West;1034;1034 Kinkelstr.;8006;W;;137;137 Hagen - Ennepe-Ruhr-Kreis I;;
0.3;05914000;23.02.2025;Wahl zum Deutschen Bundestag;05914000;Stadt Hagen;;;;;137;137 Hagen - Ennepe-Ruhr-Kreis I;04;04 Altenhagen-Ost;1041;1041 Zur Heide;8007;W;;137;137 Hagen - Ennepe-Ruhr-Kreis I;;
0.3;05914000;23.02.2025;Wahl zum Deutschen Bundestag;05914000;Stadt Hagen;;;;;137;137 Hagen - Ennepe-Ruhr-Kreis I;04;04 Altenhagen-Ost;1042;1042 Alexander- / Alleestr.;8007;W;;137;137 Hagen - Ennepe-Ruhr-Kreis I;;
0.3;05914000;23.02.2025;Wahl zum Deutschen Bundestag;05914000;Stadt Hagen;;;;;137;137 Hagen - Ennepe-Ruhr-Kreis I;04;04 Altenhagen-Ost;1043;1043 Ginsterheide;8008;W;;137;137 Hagen - Ennepe-Ruhr-Kreis I;;
0.3;05914000;23.02.2025;Wahl zum Deutschen Bundestag;05914000;Stadt Hagen;;;;;137;137 Hagen - Ennepe-Ruhr-Kreis I;04;04 Altenhagen-Ost;1044;1044 Polizeipräsidium;8008;W;;137;137 Hagen - Ennepe-Ruhr-Kreis I;;
0.3;05914000;23.02.2025;Wahl zum Deutschen Bundestag;05914000;Stadt Hagen;;;;;137;137 Hagen - Ennepe-Ruhr-Kreis I;05;05 Fleyer Viertel;1051;1051 Höing;8009;W;;137;137 Hagen - Ennepe-Ruhr-Kreis I;;
0.3;05914000;23.02.2025;Wahl zum Deutschen Bundestag;05914000;Stadt Hagen;;;;;137;137 Hagen - Ennepe-Ruhr-Kreis I;05;05 Fleyer Viertel;1052;1052 Fleyer Str.;8009;W;;137;137 Hagen - Ennepe-Ruhr-Kreis I;;
0.3;05914000;23.02.2025;Wahl zum Deutschen Bundestag;05914000;Stadt Hagen;;;;;137;137 Hagen - Ennepe-Ruhr-Kreis I;05;05 Fleyer Viertel;1053;1053 Tondernsiedlung;8009;W;;137;137 Hagen - Ennepe-Ruhr-Kreis I;;
0.3;05914000;23.02.2025;Wahl zum Deutschen Bundestag;05914000;Stadt Hagen;;;;;137;137 Hagen - Ennepe-Ruhr-Kreis I;05;05 Fleyer Viertel;1054;1054 Lützowstr.;8010;W;;137;137 Hagen - Ennepe-Ruhr-Kreis I;;
0.3;05914000;23.02.2025;Wahl zum Deutschen Bundestag;05914000;Stadt Hagen;;;;;137;137 Hagen - Ennepe-Ruhr-Kreis I;05;05 Fleyer Viertel;1055;1055 Bredelle;8010;W;;137;137 Hagen - Ennepe-Ruhr-Kreis I;;
0.3;05914000;23.02.2025;Wahl zum Deutschen Bundestag;05914000;Stadt Hagen;;;;;137;137 Hagen - Ennepe-Ruhr-Kreis I;06;06 Eppenhausen;1061;1061 Walddorfstr.;8011;W;;137;137 Hagen - Ennepe-Ruhr-Kreis I;;
0.3;05914000;23.02.2025;Wahl zum Deutschen Bundestag;05914000;Stadt Hagen;;;;;137;137 Hagen - Ennepe-Ruhr-Kreis I;06;06 Eppenhausen;1062;1062 Ascherothstr.;8011;W;;137;137 Hagen - Ennepe-Ruhr-Kreis I;;
0.3;05914000;23.02.2025;Wahl zum Deutschen Bundestag;05914000;Stadt Hagen;;;;;137;137 Hagen - Ennepe-Ruhr-Kreis I;06;06 Eppenhausen;1063;1063 Boloh;8012;W;;137;137 Hagen - Ennepe-Ruhr-Kreis I;;
0.3;05914000;23.02.2025;Wahl zum Deutschen Bundestag;05914000;Stadt Hagen;;;;;137;137 Hagen - Ennepe-Ruhr-Kreis I;06;06 Eppenhausen;1064;1064 Haferkamp;8012;W;;137;137 Hagen - Ennepe-Ruhr-Kreis I;;
0.3;05914000;23.02.2025;Wahl zum Deutschen Bundestag;05914000;Stadt Hagen;;;;;137;137 Hagen - Ennepe-Ruhr-Kreis I;06;06 Eppenhausen;1065;1065 Fachhochschule;8012;W;;137;137 Hagen - Ennepe-Ruhr-Kreis I;;
0.3;05914000;23.02.2025;Wahl zum Deutschen Bundestag;05914000;Stadt Hagen;;;;;137;137 Hagen - Ennepe-Ruhr-Kreis I;07;07 Emst;1071;1071 Am Waldesrand;8013;W;;137;137 Hagen - Ennepe-Ruhr-Kreis I;;
0.3;05914000;23.02.2025;Wahl zum Deutschen Bundestag;05914000;Stadt Hagen;;;;;137;137 Hagen - Ennepe-Ruhr-Kreis I;07;07 Emst;1072;1072 Alt-Emst;8013;W;;137;137 Hagen - Ennepe-Ruhr-Kreis I;;
0.3;05914000;23.02.2025;Wahl zum Deutschen Bundestag;05914000;Stadt Hagen;;;;;137;137 Hagen - Ennepe-Ruhr-Kreis I;07;07 Emst;1073;1073 Fritz-Steinhoff-Park;8013;W;;137;137 Hagen - Ennepe-Ruhr-Kreis I;;
0.3;05914000;23.02.2025;Wahl zum Deutschen Bundestag;05914000;Stadt Hagen;;;;;137;137 Hagen - Ennepe-Ruhr-Kreis I;07;07 Emst;1074;1074 Max-Planck-Str. / Haßley;8014;W;;137;137 Hagen - Ennepe-Ruhr-Kreis I;;
0.3;05914000;23.02.2025;Wahl zum Deutschen Bundestag;05914000;Stadt Hagen;;;;;137;137 Hagen - Ennepe-Ruhr-Kreis I;07;07 Emst;1075;1075 Bissingheim;8014;W;;137;137 Hagen - Ennepe-Ruhr-Kreis I;;
0.3;05914000;23.02.2025;Wahl zum Deutschen Bundestag;05914000;Stadt Hagen;;;;;137;137 Hagen - Ennepe-Ruhr-Kreis I;08;08 Remberg;1081;1081 Haldener Str.;8015;W;;137;137 Hagen - Ennepe-Ruhr-Kreis I;;
0.3;05914000;23.02.2025;Wahl zum Deutschen Bundestag;05914000;Stadt Hagen;;;;;137;137 Hagen - Ennepe-Ruhr-Kreis I;08;08 Remberg;1082;1082 Rembergstr.;8015;W;;137;137 Hagen - Ennepe-Ruhr-Kreis I;;
0.3;05914000;23.02.2025;Wahl zum Deutschen Bundestag;05914000;Stadt Hagen;;;;;137;137 Hagen - Ennepe-Ruhr-Kreis I;08;08 Remberg;1083;1083 Eickertstr.;8015;W;;137;137 Hagen - Ennepe-Ruhr-Kreis I;;
0.3;05914000;23.02.2025;Wahl zum Deutschen Bundestag;05914000;Stadt Hagen;;;;;137;137 Hagen - Ennepe-Ruhr-Kreis I;08;08 Remberg;1084;1084 Bülowstr.;8016;W;;137;137 Hagen - Ennepe-Ruhr-Kreis I;;
0.3;05914000;23.02.2025;Wahl zum Deutschen Bundestag;05914000;Stadt Hagen;;;;;137;137 Hagen - Ennepe-Ruhr-Kreis I;08;08 Remberg;1085;1085 Eppenhauser Str.;8016;W;;137;137 Hagen - Ennepe-Ruhr-Kreis I;;
0.3;05914000;23.02.2025;Wahl zum Deutschen Bundestag;05914000;Stadt Hagen;;;;;137;137 Hagen - Ennepe-Ruhr-Kreis I;09;09 Wehringhausen/Stadtgarten;1091;1091 Minervastr.;8017;W;;137;137 Hagen - Ennepe-Ruhr-Kreis I;;
0.3;05914000;23.02.2025;Wahl zum Deutschen Bundestag;05914000;Stadt Hagen;;;;;137;137 Hagen - Ennepe-Ruhr-Kreis I;09;09 Wehringhausen/Stadtgarten;1092;1092 St. Michael-Kirche;8017;W;;137;137 Hagen - Ennepe-Ruhr-Kreis I;;
0.3;05914000;23.02.2025;Wahl zum Deutschen Bundestag;05914000;Stadt Hagen;;;;;137;137 Hagen - Ennepe-Ruhr-Kreis I;09;09 Wehringhausen/Stadtgarten;1093;1093 Stadtgarten;8018;W;;137;137 Hagen - Ennepe-Ruhr-Kreis I;;
0.3;05914000;23.02.2025;Wahl zum Deutschen Bundestag;05914000;Stadt Hagen;;;;;137;137 Hagen - Ennepe-Ruhr-Kreis I;09;09 Wehringhausen/Stadtgarten;1094;1094 Sternwarte;8018;W;;137;137 Hagen - Ennepe-Ruhr-Kreis I;;
0.3;05914000;23.02.2025;Wahl zum Deutschen Bundestag;05914000;Stadt Hagen;;;;;137;137 Hagen - Ennepe-Ruhr-Kreis I;10;10 Wehringhausen/Kuhlerkamp;1101;1101 Cunosiedlung;8019;W;;137;137 Hagen - Ennepe-Ruhr-Kreis I;;
0.3;05914000;23.02.2025;Wahl zum Deutschen Bundestag;05914000;Stadt Hagen;;;;;137;137 Hagen - Ennepe-Ruhr-Kreis I;10;10 Wehringhausen/Kuhlerkamp;1102;1102 Kuhlerkamp;8019;W;;137;137 Hagen - Ennepe-Ruhr-Kreis I;;
0.3;05914000;23.02.2025;Wahl zum Deutschen Bundestag;05914000;Stadt Hagen;;;;;137;137 Hagen - Ennepe-Ruhr-Kreis I;10;10 Wehringhausen/Kuhlerkamp;1103;1103 Wehringhauser Str. / Philippshöhe;8019;W;;137;137 Hagen - Ennepe-Ruhr-Kreis I;;
0.3;05914000;23.02.2025;Wahl zum Deutschen Bundestag;05914000;Stadt Hagen;;;;;137;137 Hagen - Ennepe-Ruhr-Kreis I;10;10 Wehringhausen/Kuhlerkamp;1104;1104 Södingstr.;8020;W;;137;137 Hagen - Ennepe-Ruhr-Kreis I;;
0.3;05914000;23.02.2025;Wahl zum Deutschen Bundestag;05914000;Stadt Hagen;;;;;137;137 Hagen - Ennepe-Ruhr-Kreis I;10;10 Wehringhausen/Kuhlerkamp;1105;1105 Feuerwache Mitte;8020;W;;137;137 Hagen - Ennepe-Ruhr-Kreis I;;
0.3;05914000;23.02.2025;Wahl zum Deutschen Bundestag;05914000;Stadt Hagen;;;;;137;137 Hagen - Ennepe-Ruhr-Kreis I;10;10 Wehringhausen/Kuhlerkamp;1106;1106 Wilhelmsplatz;8020;W;;137;137 Hagen - Ennepe-Ruhr-Kreis I;;
0.3;05914000;23.02.2025;Wahl zum Deutschen Bundestag;05914000;Stadt Hagen;;;;;137;137 Hagen - Ennepe-Ruhr-Kreis I;11;11 Boele/Hengstey/Brockhausen;2111;2111 Brockhausen;8021;W;;137;137 Hagen - Ennepe-Ruhr-Kreis I;;
0.3;05914000;23.02.2025;Wahl zum Deutschen Bundestag;05914000;Stadt Hagen;;;;;137;137 Hagen - Ennepe-Ruhr-Kreis I;11;11 Boele/Hengstey/Brockhausen;2112;2112 Niedernhofstr.;8021;W;;137;137 Hagen - Ennepe-Ruhr-Kreis I;;
0.3;05914000;23.02.2025;Wahl zum Deutschen Bundestag;05914000;Stadt Hagen;;;;;137;137 Hagen - Ennepe-Ruhr-Kreis I;11;11 Boele/Hengstey/Brockhausen;2113;2113 Hilgenland;8021;W;;137;137 Hagen - Ennepe-Ruhr-Kreis I;;
0.3;05914000;23.02.2025;Wahl zum Deutschen Bundestag;05914000;Stadt Hagen;;;;;137;137 Hagen - Ennepe-Ruhr-Kreis I;11;11 Boele/Hengstey/Brockhausen;2114;2114 Hagener Str.;8022;W;;137;137 Hagen - Ennepe-Ruhr-Kreis I;;
0.3;05914000;23.02.2025;Wahl zum Deutschen Bundestag;05914000;Stadt Hagen;;;;;137;137 Hagen - Ennepe-Ruhr-Kreis I;11;11 Boele/Hengstey/Brockhausen;2115;2115 Boele Kirche;8022;W;;137;137 Hagen - Ennepe-Ruhr-Kreis I;;
0.3;05914000;23.02.2025;Wahl zum Deutschen Bundestag;05914000;Stadt Hagen;;;;;137;137 Hagen - Ennepe-Ruhr-Kreis I;11;11 Boele/Hengstey/Brockhausen;2116;2116 Allensteiner Str. / Hengstey;8022;W;;137;137 Hagen - Ennepe-Ruhr-Kreis I;;
0.3;05914000;23.02.2025;Wahl zum Deutschen Bundestag;05914000;Stadt Hagen;;;;;137;137 Hagen - Ennepe-Ruhr-Kreis I;12;12 Kabel/Bathey/Garenfeld;2121;2121 Fritz-Steinhoff-Schule;8023;W;;137;137 Hagen - Ennepe-Ruhr-Kreis I;;
0.3;05914000;23.02.2025;Wahl zum Deutschen Bundestag;05914000;Stadt Hagen;;;;;137;137 Hagen - Ennepe-Ruhr-Kreis I;12;12 Kabel/Bathey/Garenfeld;2122;2122 Borgenfeldstr.;8023;W;;137;137 Hagen - Ennepe-Ruhr-Kreis I;;
0.3;05914000;23.02.2025;Wahl zum Deutschen Bundestag;05914000;Stadt Hagen;;;;;137;137 Hagen - Ennepe-Ruhr-Kreis I;12;12 Kabel/Bathey/Garenfeld;2123;2123 Knüwenstr.;8023;W;;137;137 Hagen - Ennepe-Ruhr-Kreis I;;
0.3;05914000;23.02.2025;Wahl zum Deutschen Bundestag;05914000;Stadt Hagen;;;;;137;137 Hagen - Ennepe-Ruhr-Kreis I;12;12 Kabel/Bathey/Garenfeld;2124;2124 Steinhausstr.;8024;W;;137;137 Hagen - Ennepe-Ruhr-Kreis I;;
0.3;05914000;23.02.2025;Wahl zum Deutschen Bundestag;05914000;Stadt Hagen;;;;;137;137 Hagen - Ennepe-Ruhr-Kreis I;12;12 Kabel/Bathey/Garenfeld;2125;2125 Bathey;8024;W;;137;137 Hagen - Ennepe-Ruhr-Kreis I;;
0.3;05914000;23.02.2025;Wahl zum Deutschen Bundestag;05914000;Stadt Hagen;;;;;137;137 Hagen - Ennepe-Ruhr-Kreis I;12;12 Kabel/Bathey/Garenfeld;2126;2126 Garenfeld;8024;W;;137;137 Hagen - Ennepe-Ruhr-Kreis I;;
0.3;05914000;23.02.2025;Wahl zum Deutschen Bundestag;05914000;Stadt Hagen;;;;;137;137 Hagen - Ennepe-Ruhr-Kreis I;13;13 Helfe/Fley;2131;2131 Helfer Str.;8025;W;;137;137 Hagen - Ennepe-Ruhr-Kreis I;;
0.3;05914000;23.02.2025;Wahl zum Deutschen Bundestag;05914000;Stadt Hagen;;;;;137;137 Hagen - Ennepe-Ruhr-Kreis I;13;13 Helfe/Fley;2132;2132 AWO-Heim Helfe;8025;W;;137;137 Hagen - Ennepe-Ruhr-Kreis I;;
0.3;05914000;23.02.2025;Wahl zum Deutschen Bundestag;05914000;Stadt Hagen;;;;;137;137 Hagen - Ennepe-Ruhr-Kreis I;13;13 Helfe/Fley;2133;2133 Louise-Schröder-Str.;8025;W;;137;137 Hagen - Ennepe-Ruhr-Kreis I;;
0.3;05914000;23.02.2025;Wahl zum Deutschen Bundestag;05914000;Stadt Hagen;;;;;137;137 Hagen - Ennepe-Ruhr-Kreis I;13;13 Helfe/Fley;2134;2134 Fley;8026;W;;137;137 Hagen - Ennepe-Ruhr-Kreis I;;
0.3;05914000;23.02.2025;Wahl zum Deutschen Bundestag;05914000;Stadt Hagen;;;;;137;137 Hagen - Ennepe-Ruhr-Kreis I;13;13 Helfe/Fley;2135;2135 Buschstr.;8026;W;;137;137 Hagen - Ennepe-Ruhr-Kreis I;;
0.3;05914000;23.02.2025;Wahl zum Deutschen Bundestag;05914000;Stadt Hagen;;;;;137;137 Hagen - Ennepe-Ruhr-Kreis I;13;13 Helfe/Fley;2136;2136 Pappelstr.;8026;W;;137;137 Hagen - Ennepe-Ruhr-Kreis I;;
0.3;05914000;23.02.2025;Wahl zum Deutschen Bundestag;05914000;Stadt Hagen;;;;;137;137 Hagen - Ennepe-Ruhr-Kreis I;14;14 Boelerheide;2141;2141 Freiligrathstr.;8027;W;;137;137 Hagen - Ennepe-Ruhr-Kreis I;;
0.3;05914000;23.02.2025;Wahl zum Deutschen Bundestag;05914000;Stadt Hagen;;;;;137;137 Hagen - Ennepe-Ruhr-Kreis I;14;14 Boelerheide;2142;2142 Sonntagstr.;8027;W;;137;137 Hagen - Ennepe-Ruhr-Kreis I;;
0.3;05914000;23.02.2025;Wahl zum Deutschen Bundestag;05914000;Stadt Hagen;;;;;137;137 Hagen - Ennepe-Ruhr-Kreis I;14;14 Boelerheide;2143;2143 Wilhelm-Leuschner-Str.;8027;W;;137;137 Hagen - Ennepe-Ruhr-Kreis I;;
0.3;05914000;23.02.2025;Wahl zum Deutschen Bundestag;05914000;Stadt Hagen;;;;;137;137 Hagen - Ennepe-Ruhr-Kreis I;14;14 Boelerheide;2144;2144 Hügelstr.;8028;W;;137;137 Hagen - Ennepe-Ruhr-Kreis I;;
0.3;05914000;23.02.2025;Wahl zum Deutschen Bundestag;05914000;Stadt Hagen;;;;;137;137 Hagen - Ennepe-Ruhr-Kreis I;14;14 Boelerheide;2145;2145 Hamecke;8028;W;;137;137 Hagen - Ennepe-Ruhr-Kreis I;;
0.3;05914000;23.02.2025;Wahl zum Deutschen Bundestag;05914000;Stadt Hagen;;;;;137;137 Hagen - Ennepe-Ruhr-Kreis I;15;15 Vorhalle/Eckesey;2151;2151 Masurenstr. / Aehringhausen / Voßacker;8029;W;;137;137 Hagen - Ennepe-Ruhr-Kreis I;;
0.3;05914000;23.02.2025;Wahl zum Deutschen Bundestag;05914000;Stadt Hagen;;;;;137;137 Hagen - Ennepe-Ruhr-Kreis I;15;15 Vorhalle/Eckesey;2152;2152 Vorhalle-Zentrum;8029;W;;137;137 Hagen - Ennepe-Ruhr-Kreis I;;
0.3;05914000;23.02.2025;Wahl zum Deutschen Bundestag;05914000;Stadt Hagen;;;;;137;137 Hagen - Ennepe-Ruhr-Kreis I;15;15 Vorhalle/Eckesey;2153;2153 Wielandplatz / Becheltestr.;8030;W;;137;137 Hagen - Ennepe-Ruhr-Kreis I;;
0.3;05914000;23.02.2025;Wahl zum Deutschen Bundestag;05914000;Stadt Hagen;;;;;137;137 Hagen - Ennepe-Ruhr-Kreis I;15;15 Vorhalle/Eckesey;2154;2154 Lindenstr. / Funkenhausen;8030;W;;137;137 Hagen - Ennepe-Ruhr-Kreis I;;
0.3;05914000;23.02.2025;Wahl zum Deutschen Bundestag;05914000;Stadt Hagen;;;;;137;137 Hagen - Ennepe-Ruhr-Kreis I;16;16 Hohenlimburg-Nord;3161;3161 Halden;8031;W;;137;137 Hagen - Ennepe-Ruhr-Kreis I;;
0.3;05914000;23.02.2025;Wahl zum Deutschen Bundestag;05914000;Stadt Hagen;;;;;137;137 Hagen - Ennepe-Ruhr-Kreis I;16;16 Hohenlimburg-Nord;3162;3162 Bandstahlstr.;8031;W;;137;137 Hagen - Ennepe-Ruhr-Kreis I;;
0.3;05914000;23.02.2025;Wahl zum Deutschen Bundestag;05914000;Stadt Hagen;;;;;137;137 Hagen - Ennepe-Ruhr-Kreis I;16;16 Hohenlimburg-Nord;3163;3163 Herbeck;8031;W;;137;137 Hagen - Ennepe-Ruhr-Kreis I;;
0.3;05914000;23.02.2025;Wahl zum Deutschen Bundestag;05914000;Stadt Hagen;;;;;137;137 Hagen - Ennepe-Ruhr-Kreis I;16;16 Hohenlimburg-Nord;3164;3164 Berchum;8032;W;;137;137 Hagen - Ennepe-Ruhr-Kreis I;;
0.3;05914000;23.02.2025;Wahl zum Deutschen Bundestag;05914000;Stadt Hagen;;;;;137;137 Hagen - Ennepe-Ruhr-Kreis I;16;16 Hohenlimburg-Nord;3165;3165 Reh / Henkhausen;8032;W;;137;137 Hagen - Ennepe-Ruhr-Kreis I;;
0.3;05914000;23.02.2025;Wahl zum Deutschen Bundestag;05914000;Stadt Hagen;;;;;137;137 Hagen - Ennepe-Ruhr-Kreis I;16;16 Hohenlimburg-Nord;3166;3166 Kirchenberg;8032;W;;137;137 Hagen - Ennepe-Ruhr-Kreis I;;
0.3;05914000;23.02.2025;Wahl zum Deutschen Bundestag;05914000;Stadt Hagen;;;;;137;137 Hagen - Ennepe-Ruhr-Kreis I;17;17 Hohenlimburg-Ost;3171;3171 Im Gersegge;8033;W;;137;137 Hagen - Ennepe-Ruhr-Kreis I;;
0.3;05914000;23.02.2025;Wahl zum Deutschen Bundestag;05914000;Stadt Hagen;;;;;137;137 Hagen - Ennepe-Ruhr-Kreis I;17;17 Hohenlimburg-Ost;3172;3172 Wiesenstr.;8033;W;;137;137 Hagen - Ennepe-Ruhr-Kreis I;;
0.3;05914000;23.02.2025;Wahl zum Deutschen Bundestag;05914000;Stadt Hagen;;;;;137;137 Hagen - Ennepe-Ruhr-Kreis I;17;17 Hohenlimburg-Ost;3173;3173 Im Sibb;8033;W;;137;137 Hagen - Ennepe-Ruhr-Kreis I;;
0.3;05914000;23.02.2025;Wahl zum Deutschen Bundestag;05914000;Stadt Hagen;;;;;137;137 Hagen - Ennepe-Ruhr-Kreis I;17;17 Hohenlimburg-Ost;3174;3174 Auf der Heide;8034;W;;137;137 Hagen - Ennepe-Ruhr-Kreis I;;
0.3;05914000;23.02.2025;Wahl zum Deutschen Bundestag;05914000;Stadt Hagen;;;;;137;137 Hagen - Ennepe-Ruhr-Kreis I;17;17 Hohenlimburg-Ost;3175;3175 Elsey;8034;W;;137;137 Hagen - Ennepe-Ruhr-Kreis I;;
0.3;05914000;23.02.2025;Wahl zum Deutschen Bundestag;05914000;Stadt Hagen;;;;;137;137 Hagen - Ennepe-Ruhr-Kreis I;17;17 Hohenlimburg-Ost;3176;3176 Bezirksverwaltungsstelle Hohenlimburg;8034;W;;137;137 Hagen - Ennepe-Ruhr-Kreis I;;
0.3;05914000;23.02.2025;Wahl zum Deutschen Bundestag;05914000;Stadt Hagen;;;;;137;137 Hagen - Ennepe-Ruhr-Kreis I;18;18 Hohenlimburg-Süd;3181;3181 Oeger Str. / Oege;8035;W;;137;137 Hagen - Ennepe-Ruhr-Kreis I;;
0.3;05914000;23.02.2025;Wahl zum Deutschen Bundestag;05914000;Stadt Hagen;;;;;137;137 Hagen - Ennepe-Ruhr-Kreis I;18;18 Hohenlimburg-Süd;3182;3182 Wilhelmstr.;8035;W;;137;137 Hagen - Ennepe-Ruhr-Kreis I;;
0.3;05914000;23.02.2025;Wahl zum Deutschen Bundestag;05914000;Stadt Hagen;;;;;137;137 Hagen - Ennepe-Ruhr-Kreis I;18;18 Hohenlimburg-Süd;3183;3183 Nahmertal;8035;W;;137;137 Hagen - Ennepe-Ruhr-Kreis I;;
0.3;05914000;23.02.2025;Wahl zum Deutschen Bundestag;05914000;Stadt Hagen;;;;;137;137 Hagen - Ennepe-Ruhr-Kreis I;18;18 Hohenlimburg-Süd;3184;3184 Wesselbach;8036;W;;137;137 Hagen - Ennepe-Ruhr-Kreis I;;
0.3;05914000;23.02.2025;Wahl zum Deutschen Bundestag;05914000;Stadt Hagen;;;;;137;137 Hagen - Ennepe-Ruhr-Kreis I;18;18 Hohenlimburg-Süd;3185;3185 Wesselbachstr.;8036;W;;137;137 Hagen - Ennepe-Ruhr-Kreis I;;
0.3;05914000;23.02.2025;Wahl zum Deutschen Bundestag;05914000;Stadt Hagen;;;;;137;137 Hagen - Ennepe-Ruhr-Kreis I;19;19 Hohenlimburg-West;3191;3191 Holthausen;8037;W;;137;137 Hagen - Ennepe-Ruhr-Kreis I;;
0.3;05914000;23.02.2025;Wahl zum Deutschen Bundestag;05914000;Stadt Hagen;;;;;137;137 Hagen - Ennepe-Ruhr-Kreis I;19;19 Hohenlimburg-West;3192;3192 Elseyer Kirchplatz / Am Somborn;8037;W;;137;137 Hagen - Ennepe-Ruhr-Kreis I;;
0.3;05914000;23.02.2025;Wahl zum Deutschen Bundestag;05914000;Stadt Hagen;;;;;137;137 Hagen - Ennepe-Ruhr-Kreis I;19;19 Hohenlimburg-West;3193;3193  Mozartstr. / Alter Henkhauser Weg;8038;W;;137;137 Hagen - Ennepe-Ruhr-Kreis I;;
0.3;05914000;23.02.2025;Wahl zum Deutschen Bundestag;05914000;Stadt Hagen;;;;;137;137 Hagen - Ennepe-Ruhr-Kreis I;19;19 Hohenlimburg-West;3194;3194 Wachtelweg / Am Berge;8038;W;;137;137 Hagen - Ennepe-Ruhr-Kreis I;;
0.3;05914000;23.02.2025;Wahl zum Deutschen Bundestag;05914000;Stadt Hagen;;;;;137;137 Hagen - Ennepe-Ruhr-Kreis I;20;20 Eilpe-Zentrum/Oberhagen;4201;4201 Springe / Tuchmacherstr.;8039;W;;137;137 Hagen - Ennepe-Ruhr-Kreis I;;
0.3;05914000;23.02.2025;Wahl zum Deutschen Bundestag;05914000;Stadt Hagen;;;;;137;137 Hagen - Ennepe-Ruhr-Kreis I;20;20 Eilpe-Zentrum/Oberhagen;4202;4202 Oberhagen;8039;W;;137;137 Hagen - Ennepe-Ruhr-Kreis I;;
0.3;05914000;23.02.2025;Wahl zum Deutschen Bundestag;05914000;Stadt Hagen;;;;;137;137 Hagen - Ennepe-Ruhr-Kreis I;20;20 Eilpe-Zentrum/Oberhagen;4203;4203 Untere Selbecker Str.;8040;W;;137;137 Hagen - Ennepe-Ruhr-Kreis I;;
0.3;05914000;23.02.2025;Wahl zum Deutschen Bundestag;05914000;Stadt Hagen;;;;;137;137 Hagen - Ennepe-Ruhr-Kreis I;20;20 Eilpe-Zentrum/Oberhagen;4204;4204 Hüttenbergstr.;8040;W;;137;137 Hagen - Ennepe-Ruhr-Kreis I;;
0.3;05914000;23.02.2025;Wahl zum Deutschen Bundestag;05914000;Stadt Hagen;;;;;137;137 Hagen - Ennepe-Ruhr-Kreis I;21;21 Eilper Feld/Delstern;4211;4211 Sunderlohstr.;8041;W;;137;137 Hagen - Ennepe-Ruhr-Kreis I;;
0.3;05914000;23.02.2025;Wahl zum Deutschen Bundestag;05914000;Stadt Hagen;;;;;137;137 Hagen - Ennepe-Ruhr-Kreis I;21;21 Eilper Feld/Delstern;4212;4212 Selbecke;8041;W;;137;137 Hagen - Ennepe-Ruhr-Kreis I;;
0.3;05914000;23.02.2025;Wahl zum Deutschen Bundestag;05914000;Stadt Hagen;;;;;137;137 Hagen - Ennepe-Ruhr-Kreis I;21;21 Eilper Feld/Delstern;4213;4213 Gesamtschule Eilpe;8041;W;;137;137 Hagen - Ennepe-Ruhr-Kreis I;;
0.3;05914000;23.02.2025;Wahl zum Deutschen Bundestag;05914000;Stadt Hagen;;;;;137;137 Hagen - Ennepe-Ruhr-Kreis I;21;21 Eilper Feld/Delstern;4214;4214 In der Welle;8042;W;;137;137 Hagen - Ennepe-Ruhr-Kreis I;;
0.3;05914000;23.02.2025;Wahl zum Deutschen Bundestag;05914000;Stadt Hagen;;;;;137;137 Hagen - Ennepe-Ruhr-Kreis I;21;21 Eilper Feld/Delstern;4215;4215 Hohenfor;8042;W;;137;137 Hagen - Ennepe-Ruhr-Kreis I;;
0.3;05914000;23.02.2025;Wahl zum Deutschen Bundestag;05914000;Stadt Hagen;;;;;137;137 Hagen - Ennepe-Ruhr-Kreis I;22;22 Dahl/Volmetal;4221;4221 Delstern-Süd;8043;W;;137;137 Hagen - Ennepe-Ruhr-Kreis I;;
0.3;05914000;23.02.2025;Wahl zum Deutschen Bundestag;05914000;Stadt Hagen;;;;;137;137 Hagen - Ennepe-Ruhr-Kreis I;22;22 Dahl/Volmetal;4222;4222 Zum Bollwerk / Ambrock;8043;W;;137;137 Hagen - Ennepe-Ruhr-Kreis I;;
0.3;05914000;23.02.2025;Wahl zum Deutschen Bundestag;05914000;Stadt Hagen;;;;;137;137 Hagen - Ennepe-Ruhr-Kreis I;22;22 Dahl/Volmetal;4223;4223 Priorei;8043;W;;137;137 Hagen - Ennepe-Ruhr-Kreis I;;
0.3;05914000;23.02.2025;Wahl zum Deutschen Bundestag;05914000;Stadt Hagen;;;;;137;137 Hagen - Ennepe-Ruhr-Kreis I;22;22 Dahl/Volmetal;4224;4224 Rummenohl;8044;W;;137;137 Hagen - Ennepe-Ruhr-Kreis I;;
0.3;05914000;23.02.2025;Wahl zum Deutschen Bundestag;05914000;Stadt Hagen;;;;;137;137 Hagen - Ennepe-Ruhr-Kreis I;22;22 Dahl/Volmetal;4225;4225 Zum Hohenhof / Sürenhagen;8044;W;;137;137 Hagen - Ennepe-Ruhr-Kreis I;;
0.3;05914000;23.02.2025;Wahl zum Deutschen Bundestag;05914000;Stadt Hagen;;;;;137;137 Hagen - Ennepe-Ruhr-Kreis I;23;23 Geweke/Spielbrink;5231;5231 Jungfernbruch / Haus Harkorten;8045;W;;137;137 Hagen - Ennepe-Ruhr-Kreis I;;
0.3;05914000;23.02.2025;Wahl zum Deutschen Bundestag;05914000;Stadt Hagen;;;;;137;137 Hagen - Ennepe-Ruhr-Kreis I;23;23 Geweke/Spielbrink;5232;5232 Büdding;8045;W;;137;137 Hagen - Ennepe-Ruhr-Kreis I;;
0.3;05914000;23.02.2025;Wahl zum Deutschen Bundestag;05914000;Stadt Hagen;;;;;137;137 Hagen - Ennepe-Ruhr-Kreis I;23;23 Geweke/Spielbrink;5233;5233 Spielbrinkstr.;8045;W;;137;137 Hagen - Ennepe-Ruhr-Kreis I;;
0.3;05914000;23.02.2025;Wahl zum Deutschen Bundestag;05914000;Stadt Hagen;;;;;137;137 Hagen - Ennepe-Ruhr-Kreis I;23;23 Geweke/Spielbrink;5234;5234 Geweke / Auf dem Gelling;8046;W;;137;137 Hagen - Ennepe-Ruhr-Kreis I;;
0.3;05914000;23.02.2025;Wahl zum Deutschen Bundestag;05914000;Stadt Hagen;;;;;137;137 Hagen - Ennepe-Ruhr-Kreis I;23;23 Geweke/Spielbrink;5235;5235 Tückingstr.;8046;W;;137;137 Hagen - Ennepe-Ruhr-Kreis I;;
0.3;05914000;23.02.2025;Wahl zum Deutschen Bundestag;05914000;Stadt Hagen;;;;;137;137 Hagen - Ennepe-Ruhr-Kreis I;24;24 Haspe-Mitte/Kückelhausen;5241;5241 Hüttenplatz;8047;W;;137;137 Hagen - Ennepe-Ruhr-Kreis I;;
0.3;05914000;23.02.2025;Wahl zum Deutschen Bundestag;05914000;Stadt Hagen;;;;;137;137 Hagen - Ennepe-Ruhr-Kreis I;24;24 Haspe-Mitte/Kückelhausen;5242;5242 Tillmanns- / Kölner Str.;8047;W;;137;137 Hagen - Ennepe-Ruhr-Kreis I;;
0.3;05914000;23.02.2025;Wahl zum Deutschen Bundestag;05914000;Stadt Hagen;;;;;137;137 Hagen - Ennepe-Ruhr-Kreis I;24;24 Haspe-Mitte/Kückelhausen;5243;5243 Leimstr. / Oedeweg;8048;W;;137;137 Hagen - Ennepe-Ruhr-Kreis I;;
0.3;05914000;23.02.2025;Wahl zum Deutschen Bundestag;05914000;Stadt Hagen;;;;;137;137 Hagen - Ennepe-Ruhr-Kreis I;24;24 Haspe-Mitte/Kückelhausen;5244;5244 Dickenbruchstr.;8048;W;;137;137 Hagen - Ennepe-Ruhr-Kreis I;;
0.3;05914000;23.02.2025;Wahl zum Deutschen Bundestag;05914000;Stadt Hagen;;;;;137;137 Hagen - Ennepe-Ruhr-Kreis I;25;25 Hestert/Steinplatz;5251;5251 Steinplatz;8049;W;;137;137 Hagen - Ennepe-Ruhr-Kreis I;;
0.3;05914000;23.02.2025;Wahl zum Deutschen Bundestag;05914000;Stadt Hagen;;;;;137;137 Hagen - Ennepe-Ruhr-Kreis I;25;25 Hestert/Steinplatz;5252;5252 Am Postkopf;8049;W;;137;137 Hagen - Ennepe-Ruhr-Kreis I;;
0.3;05914000;23.02.2025;Wahl zum Deutschen Bundestag;05914000;Stadt Hagen;;;;;137;137 Hagen - Ennepe-Ruhr-Kreis I;25;25 Hestert/Steinplatz;5253;5253 Klutert;8049;W;;137;137 Hagen - Ennepe-Ruhr-Kreis I;;
0.3;05914000;23.02.2025;Wahl zum Deutschen Bundestag;05914000;Stadt Hagen;;;;;137;137 Hagen - Ennepe-Ruhr-Kreis I;25;25 Hestert/Steinplatz;5254;5254 Hestert;8050;W;;137;137 Hagen - Ennepe-Ruhr-Kreis I;;
0.3;05914000;23.02.2025;Wahl zum Deutschen Bundestag;05914000;Stadt Hagen;;;;;137;137 Hagen - Ennepe-Ruhr-Kreis I;25;25 Hestert/Steinplatz;5255;5255 Kettelbach;8050;W;;137;137 Hagen - Ennepe-Ruhr-Kreis I;;
0.3;05914000;23.02.2025;Wahl zum Deutschen Bundestag;05914000;Stadt Hagen;;;;;137;137 Hagen - Ennepe-Ruhr-Kreis I;25;25 Hestert/Steinplatz;5256;5256 Am Karweg;8050;W;;137;137 Hagen - Ennepe-Ruhr-Kreis I;;
0.3;05914000;23.02.2025;Wahl zum Deutschen Bundestag;05914000;Stadt Hagen;;;;;137;137 Hagen - Ennepe-Ruhr-Kreis I;26;26 Westerbauer/Quambusch;5261;5261 Baukloh;8051;W;;137;137 Hagen - Ennepe-Ruhr-Kreis I;;
0.3;05914000;23.02.2025;Wahl zum Deutschen Bundestag;05914000;Stadt Hagen;;;;;137;137 Hagen - Ennepe-Ruhr-Kreis I;26;26 Westerbauer/Quambusch;5262;5262 Ähren- / Twittingstr.;8051;W;;137;137 Hagen - Ennepe-Ruhr-Kreis I;;
0.3;05914000;23.02.2025;Wahl zum Deutschen Bundestag;05914000;Stadt Hagen;;;;;137;137 Hagen - Ennepe-Ruhr-Kreis I;26;26 Westerbauer/Quambusch;5263;5263 Grazer Str.;8051;W;;137;137 Hagen - Ennepe-Ruhr-Kreis I;;
0.3;05914000;23.02.2025;Wahl zum Deutschen Bundestag;05914000;Stadt Hagen;;;;;137;137 Hagen - Ennepe-Ruhr-Kreis I;26;26 Westerbauer/Quambusch;5264;5264 Harkortstr.;8052;W;;137;137 Hagen - Ennepe-Ruhr-Kreis I;;
0.3;05914000;23.02.2025;Wahl zum Deutschen Bundestag;05914000;Stadt Hagen;;;;;137;137 Hagen - Ennepe-Ruhr-Kreis I;26;26 Westerbauer/Quambusch;5265;5265 Westerbauer;8052;W;;137;137 Hagen - Ennepe-Ruhr-Kreis I;;
0.3;05914000;23.02.2025;Wahl zum Deutschen Bundestag;05914000;Stadt Hagen;;;;;137;137 Hagen - Ennepe-Ruhr-Kreis I;26;26 Westerbauer/Quambusch;5266;5266 Gabelsberger Str.;8052;W;;137;137 Hagen - Ennepe-Ruhr-Kreis I;;
0.3;05914000;23.02.2025;Wahl zum Deutschen Bundestag;05914000;Stadt Hagen;;;;;137;137 Hagen - Ennepe-Ruhr-Kreis I;01;01 Mittelstadt;8001;8001 Briefwahlbezirk;8001;B;;137;137 Hagen - Ennepe-Ruhr-Kreis I;;
0.3;05914000;23.02.2025;Wahl zum Deutschen Bundestag;05914000;Stadt Hagen;;;;;137;137 Hagen - Ennepe-Ruhr-Kreis I;01;01 Mittelstadt;8002;8002 Briefwahlbezirk;8002;B;;137;137 Hagen - Ennepe-Ruhr-Kreis I;;
0.3;05914000;23.02.2025;Wahl zum Deutschen Bundestag;05914000;Stadt Hagen;;;;;137;137 Hagen - Ennepe-Ruhr-Kreis I;02;02 Altenhagen-Süd;8003;8003 Briefwahlbezirk;8003;B;;137;137 Hagen - Ennepe-Ruhr-Kreis I;;
0.3;05914000;23.02.2025;Wahl zum Deutschen Bundestag;05914000;Stadt Hagen;;;;;137;137 Hagen - Ennepe-Ruhr-Kreis I;02;02 Altenhagen-Süd;8004;8004 Briefwahlbezirk;8004;B;;137;137 Hagen - Ennepe-Ruhr-Kreis I;;
0.3;05914000;23.02.2025;Wahl zum Deutschen Bundestag;05914000;Stadt Hagen;;;;;137;137 Hagen - Ennepe-Ruhr-Kreis I;03;03 Altenhagen-West;8005;8005 Briefwahlbezirk;8005;B;;137;137 Hagen - Ennepe-Ruhr-Kreis I;;
0.3;05914000;23.02.2025;Wahl zum Deutschen Bundestag;05914000;Stadt Hagen;;;;;137;137 Hagen - Ennepe-Ruhr-Kreis I;03;03 Altenhagen-West;8006;8006 Briefwahlbezirk;8006;B;;137;137 Hagen - Ennepe-Ruhr-Kreis I;;
0.3;05914000;23.02.2025;Wahl zum Deutschen Bundestag;05914000;Stadt Hagen;;;;;137;137 Hagen - Ennepe-Ruhr-Kreis I;04;04 Altenhagen-Ost;8007;8007 Briefwahlbezirk;8007;B;;137;137 Hagen - Ennepe-Ruhr-Kreis I;;
0.3;05914000;23.02.2025;Wahl zum Deutschen Bundestag;05914000;Stadt Hagen;;;;;137;137 Hagen - Ennepe-Ruhr-Kreis I;04;04 Altenhagen-Ost;8008;8008 Briefwahlbezirk;8008;B;;137;137 Hagen - Ennepe-Ruhr-Kreis I;;
0.3;05914000;23.02.2025;Wahl zum Deutschen Bundestag;05914000;Stadt Hagen;;;;;137;137 Hagen - Ennepe-Ruhr-Kreis I;05;05 Fleyer Viertel;8009;8009 Briefwahlbezirk;8009;B;;137;137 Hagen - Ennepe-Ruhr-Kreis I;;
0.3;05914000;23.02.2025;Wahl zum Deutschen Bundestag;05914000;Stadt Hagen;;;;;137;137 Hagen - Ennepe-Ruhr-Kreis I;05;05 Fleyer Viertel;8010;8010 Briefwahlbezirk;8010;B;;137;137 Hagen - Ennepe-Ruhr-Kreis I;;
0.3;05914000;23.02.2025;Wahl zum Deutschen Bundestag;05914000;Stadt Hagen;;;;;137;137 Hagen - Ennepe-Ruhr-Kreis I;06;06 Eppenhausen;8011;8011 Briefwahlbezirk;8011;B;;137;137 Hagen - Ennepe-Ruhr-Kreis I;;
0.3;05914000;23.02.2025;Wahl zum Deutschen Bundestag;05914000;Stadt Hagen;;;;;137;137 Hagen - Ennepe-Ruhr-Kreis I;06;06 Eppenhausen;8012;8012 Briefwahlbezirk;8012;B;;137;137 Hagen - Ennepe-Ruhr-Kreis I;;
0.3;05914000;23.02.2025;Wahl zum Deutschen Bundestag;05914000;Stadt Hagen;;;;;137;137 Hagen - Ennepe-Ruhr-Kreis I;07;07 Emst;8013;8013 Briefwahlbezirk;8013;B;;137;137 Hagen - Ennepe-Ruhr-Kreis I;;
0.3;05914000;23.02.2025;Wahl zum Deutschen Bundestag;05914000;Stadt Hagen;;;;;137;137 Hagen - Ennepe-Ruhr-Kreis I;07;07 Emst;8014;8014 Briefwahlbezirk;8014;B;;137;137 Hagen - Ennepe-Ruhr-Kreis I;;
0.3;05914000;23.02.2025;Wahl zum Deutschen Bundestag;05914000;Stadt Hagen;;;;;137;137 Hagen - Ennepe-Ruhr-Kreis I;08;08 Remberg;8015;8015 Briefwahlbezirk;8015;B;;137;137 Hagen - Ennepe-Ruhr-Kreis I;;
0.3;05914000;23.02.2025;Wahl zum Deutschen Bundestag;05914000;Stadt Hagen;;;;;137;137 Hagen - Ennepe-Ruhr-Kreis I;08;08 Remberg;8016;8016 Briefwahlbezirk;8016;B;;137;137 Hagen - Ennepe-Ruhr-Kreis I;;
0.3;05914000;23.02.2025;Wahl zum Deutschen Bundestag;05914000;Stadt Hagen;;;;;137;137 Hagen - Ennepe-Ruhr-Kreis I;09;09 Wehringhausen/Stadtgarten;8017;8017 Briefwahlbezirk;8017;B;;137;137 Hagen - Ennepe-Ruhr-Kreis I;;
0.3;05914000;23.02.2025;Wahl zum Deutschen Bundestag;05914000;Stadt Hagen;;;;;137;137 Hagen - Ennepe-Ruhr-Kreis I;09;09 Wehringhausen/Stadtgarten;8018;8018 Briefwahlbezirk;8018;B;;137;137 Hagen - Ennepe-Ruhr-Kreis I;;
0.3;05914000;23.02.2025;Wahl zum Deutschen Bundestag;05914000;Stadt Hagen;;;;;137;137 Hagen - Ennepe-Ruhr-Kreis I;10;10 Wehringhausen/Kuhlerkamp;8019;8019 Briefwahlbezirk;8019;B;;137;137 Hagen - Ennepe-Ruhr-Kreis I;;
0.3;05914000;23.02.2025;Wahl zum Deutschen Bundestag;05914000;Stadt Hagen;;;;;137;137 Hagen - Ennepe-Ruhr-Kreis I;10;10 Wehringhausen/Kuhlerkamp;8020;8020 Briefwahlbezirk;8020;B;;137;137 Hagen - Ennepe-Ruhr-Kreis I;;
0.3;05914000;23.02.2025;Wahl zum Deutschen Bundestag;05914000;Stadt Hagen;;;;;137;137 Hagen - Ennepe-Ruhr-Kreis I;11;11 Boele/Hengstey/Brockhausen;8021;8021 Briefwahlbezirk;8021;B;;137;137 Hagen - Ennepe-Ruhr-Kreis I;;
0.3;05914000;23.02.2025;Wahl zum Deutschen Bundestag;05914000;Stadt Hagen;;;;;137;137 Hagen - Ennepe-Ruhr-Kreis I;11;11 Boele/Hengstey/Brockhausen;8022;8022 Briefwahlbezirk;8022;B;;137;137 Hagen - Ennepe-Ruhr-Kreis I;;
0.3;05914000;23.02.2025;Wahl zum Deutschen Bundestag;05914000;Stadt Hagen;;;;;137;137 Hagen - Ennepe-Ruhr-Kreis I;12;12 Kabel/Bathey/Garenfeld;8023;8023 Briefwahlbezirk;8023;B;;137;137 Hagen - Ennepe-Ruhr-Kreis I;;
0.3;05914000;23.02.2025;Wahl zum Deutschen Bundestag;05914000;Stadt Hagen;;;;;137;137 Hagen - Ennepe-Ruhr-Kreis I;12;12 Kabel/Bathey/Garenfeld;8024;8024 Briefwahlbezirk;8024;B;;137;137 Hagen - Ennepe-Ruhr-Kreis I;;
0.3;05914000;23.02.2025;Wahl zum Deutschen Bundestag;05914000;Stadt Hagen;;;;;137;137 Hagen - Ennepe-Ruhr-Kreis I;13;13 Helfe/Fley;8025;8025 Briefwahlbezirk;8025;B;;137;137 Hagen - Ennepe-Ruhr-Kreis I;;
0.3;05914000;23.02.2025;Wahl zum Deutschen Bundestag;05914000;Stadt Hagen;;;;;137;137 Hagen - Ennepe-Ruhr-Kreis I;13;13 Helfe/Fley;8026;8026 Briefwahlbezirk;8026;B;;137;137 Hagen - Ennepe-Ruhr-Kreis I;;
0.3;05914000;23.02.2025;Wahl zum Deutschen Bundestag;05914000;Stadt Hagen;;;;;137;137 Hagen - Ennepe-Ruhr-Kreis I;14;14 Boelerheide;8027;8027 Briefwahlbezirk;8027;B;;137;137 Hagen - Ennepe-Ruhr-Kreis I;;
0.3;05914000;23.02.2025;Wahl zum Deutschen Bundestag;05914000;Stadt Hagen;;;;;137;137 Hagen - Ennepe-Ruhr-Kreis I;14;14 Boelerheide;8028;8028 Briefwahlbezirk;8028;B;;137;137 Hagen - Ennepe-Ruhr-Kreis I;;
0.3;05914000;23.02.2025;Wahl zum Deutschen Bundestag;05914000;Stadt Hagen;;;;;137;137 Hagen - Ennepe-Ruhr-Kreis I;15;15 Vorhalle/Eckesey;8029;8029 Briefwahlbezirk;8029;B;;137;137 Hagen - Ennepe-Ruhr-Kreis I;;
0.3;05914000;23.02.2025;Wahl zum Deutschen Bundestag;05914000;Stadt Hagen;;;;;137;137 Hagen - Ennepe-Ruhr-Kreis I;15;15 Vorhalle/Eckesey;8030;8030 Briefwahlbezirk;8030;B;;137;137 Hagen - Ennepe-Ruhr-Kreis I;;
0.3;05914000;23.02.2025;Wahl zum Deutschen Bundestag;05914000;Stadt Hagen;;;;;137;137 Hagen - Ennepe-Ruhr-Kreis I;16;16 Hohenlimburg-Nord;8031;8031 Briefwahlbezirk;8031;B;;137;137 Hagen - Ennepe-Ruhr-Kreis I;;
0.3;05914000;23.02.2025;Wahl zum Deutschen Bundestag;05914000;Stadt Hagen;;;;;137;137 Hagen - Ennepe-Ruhr-Kreis I;16;16 Hohenlimburg-Nord;8032;8032 Briefwahlbezirk;8032;B;;137;137 Hagen - Ennepe-Ruhr-Kreis I;;
0.3;05914000;23.02.2025;Wahl zum Deutschen Bundestag;05914000;Stadt Hagen;;;;;137;137 Hagen - Ennepe-Ruhr-Kreis I;17;17 Hohenlimburg-Ost;8033;8033 Briefwahlbezirk;8033;B;;137;137 Hagen - Ennepe-Ruhr-Kreis I;;
0.3;05914000;23.02.2025;Wahl zum Deutschen Bundestag;05914000;Stadt Hagen;;;;;137;137 Hagen - Ennepe-Ruhr-Kreis I;17;17 Hohenlimburg-Ost;8034;8034 Briefwahlbezirk;8034;B;;137;137 Hagen - Ennepe-Ruhr-Kreis I;;
0.3;05914000;23.02.2025;Wahl zum Deutschen Bundestag;05914000;Stadt Hagen;;;;;137;137 Hagen - Ennepe-Ruhr-Kreis I;18;18 Hohenlimburg-Süd;8035;8035 Briefwahlbezirk;8035;B;;137;137 Hagen - Ennepe-Ruhr-Kreis I;;
0.3;05914000;23.02.2025;Wahl zum Deutschen Bundestag;05914000;Stadt Hagen;;;;;137;137 Hagen - Ennepe-Ruhr-Kreis I;18;18 Hohenlimburg-Süd;8036;8036 Briefwahlbezirk;8036;B;;137;137 Hagen - Ennepe-Ruhr-Kreis I;;
0.3;05914000;23.02.2025;Wahl zum Deutschen Bundestag;05914000;Stadt Hagen;;;;;137;137 Hagen - Ennepe-Ruhr-Kreis I;19;19 Hohenlimburg-West;8037;8037 Briefwahlbezirk;8037;B;;137;137 Hagen - Ennepe-Ruhr-Kreis I;;
0.3;05914000;23.02.2025;Wahl zum Deutschen Bundestag;05914000;Stadt Hagen;;;;;137;137 Hagen - Ennepe-Ruhr-Kreis I;19;19 Hohenlimburg-West;8038;8038 Briefwahlbezirk;8038;B;;137;137 Hagen - Ennepe-Ruhr-Kreis I;;
0.3;05914000;23.02.2025;Wahl zum Deutschen Bundestag;05914000;Stadt Hagen;;;;;137;137 Hagen - Ennepe-Ruhr-Kreis I;20;20 Eilpe-Zentrum/Oberhagen;8039;8039 Briefwahlbezirk;8039;B;;137;137 Hagen - Ennepe-Ruhr-Kreis I;;
0.3;05914000;23.02.2025;Wahl zum Deutschen Bundestag;05914000;Stadt Hagen;;;;;137;137 Hagen - Ennepe-Ruhr-Kreis I;20;20 Eilpe-Zentrum/Oberhagen;8040;8040 Briefwahlbezirk;8040;B;;137;137 Hagen - Ennepe-Ruhr-Kreis I;;
0.3;05914000;23.02.2025;Wahl zum Deutschen Bundestag;05914000;Stadt Hagen;;;;;137;137 Hagen - Ennepe-Ruhr-Kreis I;21;21 Eilper Feld/Delstern;8041;8041 Briefwahlbezirk;8041;B;;137;137 Hagen - Ennepe-Ruhr-Kreis I;;
0.3;05914000;23.02.2025;Wahl zum Deutschen Bundestag;05914000;Stadt Hagen;;;;;137;137 Hagen - Ennepe-Ruhr-Kreis I;21;21 Eilper Feld/Delstern;8042;8042 Briefwahlbezirk;8042;B;;137;137 Hagen - Ennepe-Ruhr-Kreis I;;
0.3;05914000;23.02.2025;Wahl zum Deutschen Bundestag;05914000;Stadt Hagen;;;;;137;137 Hagen - Ennepe-Ruhr-Kreis I;22;22 Dahl/Volmetal;8043;8043 Briefwahlbezirk;8043;B;;137;137 Hagen - Ennepe-Ruhr-Kreis I;;
0.3;05914000;23.02.2025;Wahl zum Deutschen Bundestag;05914000;Stadt Hagen;;;;;137;137 Hagen - Ennepe-Ruhr-Kreis I;22;22 Dahl/Volmetal;8044;8044 Briefwahlbezirk;8044;B;;137;137 Hagen - Ennepe-Ruhr-Kreis I;;
0.3;05914000;23.02.2025;Wahl zum Deutschen Bundestag;05914000;Stadt Hagen;;;;;137;137 Hagen - Ennepe-Ruhr-Kreis I;23;23 Geweke/Spielbrink;8045;8045 Briefwahlbezirk;8045;B;;137;137 Hagen - Ennepe-Ruhr-Kreis I;;
0.3;05914000;23.02.2025;Wahl zum Deutschen Bundestag;05914000;Stadt Hagen;;;;;137;137 Hagen - Ennepe-Ruhr-Kreis I;23;23 Geweke/Spielbrink;8046;8046 Briefwahlbezirk;8046;B;;137;137 Hagen - Ennepe-Ruhr-Kreis I;;
0.3;05914000;23.02.2025;Wahl zum Deutschen Bundestag;05914000;Stadt Hagen;;;;;137;137 Hagen - Ennepe-Ruhr-Kreis I;24;24 Haspe-Mitte/Kückelhausen;8047;8047 Briefwahlbezirk;8047;B;;137;137 Hagen - Ennepe-Ruhr-Kreis I;;
0.3;05914000;23.02.2025;Wahl zum Deutschen Bundestag;05914000;Stadt Hagen;;;;;137;137 Hagen - Ennepe-Ruhr-Kreis I;24;24 Haspe-Mitte/Kückelhausen;8048;8048 Briefwahlbezirk;8048;B;;137;137 Hagen - Ennepe-Ruhr-Kreis I;;
0.3;05914000;23.02.2025;Wahl zum Deutschen Bundestag;05914000;Stadt Hagen;;;;;137;137 Hagen - Ennepe-Ruhr-Kreis I;25;25 Hestert/Steinplatz;8049;8049 Briefwahlbezirk;8049;B;;137;137 Hagen - Ennepe-Ruhr-Kreis I;;
0.3;05914000;23.02.2025;Wahl zum Deutschen Bundestag;05914000;Stadt Hagen;;;;;137;137 Hagen - Ennepe-Ruhr-Kreis I;25;25 Hestert/Steinplatz;8050;8050 Briefwahlbezirk;8050;B;;137;137 Hagen - Ennepe-Ruhr-Kreis I;;
0.3;05914000;23.02.2025;Wahl zum Deutschen Bundestag;05914000;Stadt Hagen;;;;;137;137 Hagen - Ennepe-Ruhr-Kreis I;26;26 Westerbauer/Quambusch;8051;8051 Briefwahlbezirk;8051;B;;137;137 Hagen - Ennepe-Ruhr-Kreis I;;
0.3;05914000;23.02.2025;Wahl zum Deutschen Bundestag;05914000;Stadt Hagen;;;;;137;137 Hagen - Ennepe-Ruhr-Kreis I;26;26 Westerbauer/Quambusch;8052;8052 Briefwahlbezirk;8052;B;;137;137 Hagen - Ennepe-Ruhr-Kreis I;;
