version;wahl-behoerde-gs;wahl-datum;wahl-name;wahl-leiter-gs;wahl-leiter-name;gebiet-ebene-5-nr;gebiet-ebene-5-name;gebiet-ebene-4-nr;gebiet-ebene-4-name;gebiet-ebene-3-nr;gebiet-ebene-3-name;gebiet-ebene-2-nr;gebiet-ebene-2-name;bezirk-nr;bezirk-name;bezirk-art;bezirk-repräsentativ;kandidat-gebiet-nr;kandidat-gebiet-bezeichnung;stimmzettel-gebiet-nr;stimmzettel-gebiet-bezeichnung
0.3;08212000;09.06.2024;Europawahl 2024;08212000;Stadt Karlsruhe;;;;;;;Innenstadt-Ost;Innenstadt-Ost;00121;Stadt Karlsruhe - 001-21 Hans-Thoma-Schule;W;;;;;
0.3;08212000;09.06.2024;Europawahl 2024;08212000;Stadt Karlsruhe;;;;;;;Innenstadt-Ost;Innenstadt-Ost;00122;Stadt Karlsruhe - 001-22 Hans-Thoma-Schule;W;;;;;
0.3;08212000;09.06.2024;Europawahl 2024;08212000;Stadt Karlsruhe;;;;;;;Innenstadt-West;Innenstadt-West;00221;Stadt Karlsruhe - 002-21 Ständehaus;W;;;;;
0.3;08212000;09.06.2024;Europawahl 2024;08212000;Stadt Karlsruhe;;;;;;;Innenstadt-West;Innenstadt-West;00222;Stadt Karlsruhe - 002-22 Leopoldschule;W;;;;;
0.3;08212000;09.06.2024;Europawahl 2024;08212000;Stadt Karlsruhe;;;;;;;Innenstadt-West;Innenstadt-West;00223;Stadt Karlsruhe - 002-23 Leopoldschule;W;;;;;
0.3;08212000;09.06.2024;Europawahl 2024;08212000;Stadt Karlsruhe;;;;;;;Innenstadt-West;Innenstadt-West;00224;Stadt Karlsruhe - 002-24 Bismarck-Gymnasium;W;;;;;
0.3;08212000;09.06.2024;Europawahl 2024;08212000;Stadt Karlsruhe;;;;;;;Südstadt;Südstadt;00321;Stadt Karlsruhe - 003-21 Friedrich-List-Schule;W;;;;;
0.3;08212000;09.06.2024;Europawahl 2024;08212000;Stadt Karlsruhe;;;;;;;Südstadt;Südstadt;00322;Stadt Karlsruhe - 003-22 Nebeniusschule;W;;;;;
0.3;08212000;09.06.2024;Europawahl 2024;08212000;Stadt Karlsruhe;;;;;;;Südstadt;Südstadt;00323;Stadt Karlsruhe - 003-23 Nebeniusschule;W;;;;;
0.3;08212000;09.06.2024;Europawahl 2024;08212000;Stadt Karlsruhe;;;;;;;Südstadt;Südstadt;00324;Stadt Karlsruhe - 003-24 Uhlandschule;W;;;;;
0.3;08212000;09.06.2024;Europawahl 2024;08212000;Stadt Karlsruhe;;;;;;;Südstadt;Südstadt;00325;Stadt Karlsruhe - 003-25 Uhlandschule;W;;;;;
0.3;08212000;09.06.2024;Europawahl 2024;08212000;Stadt Karlsruhe;;;;;;;Südstadt;Südstadt;00326;Stadt Karlsruhe - 003-26 Friedrich-List-Schule;W;;;;;
0.3;08212000;09.06.2024;Europawahl 2024;08212000;Stadt Karlsruhe;;;;;;;Südstadt;Südstadt;00327;Stadt Karlsruhe - 003-27 Uhlandschule;W;;;;;
0.3;08212000;09.06.2024;Europawahl 2024;08212000;Stadt Karlsruhe;;;;;;;Südweststadt;Südweststadt;00421;Stadt Karlsruhe - 004-21 Goethe-Gymnasium;W;;;;;
0.3;08212000;09.06.2024;Europawahl 2024;08212000;Stadt Karlsruhe;;;;;;;Südweststadt;Südweststadt;00422;Stadt Karlsruhe - 004-22 Goethe-Gymnasium;W;;;;;
0.3;08212000;09.06.2024;Europawahl 2024;08212000;Stadt Karlsruhe;;;;;;;Südweststadt;Südweststadt;00423;Stadt Karlsruhe - 004-23 Kimmelmannschule;W;;;;;
0.3;08212000;09.06.2024;Europawahl 2024;08212000;Stadt Karlsruhe;;;;;;;Südweststadt;Südweststadt;00424;Stadt Karlsruhe - 004-24 Weinbrennerschule;W;;;;;
0.3;08212000;09.06.2024;Europawahl 2024;08212000;Stadt Karlsruhe;;;;;;;Südweststadt;Südweststadt;00425;Stadt Karlsruhe - 004-25 Südendschule;W;;;;;
0.3;08212000;09.06.2024;Europawahl 2024;08212000;Stadt Karlsruhe;;;;;;;Südweststadt;Südweststadt;00426;Stadt Karlsruhe - 004-26 Kimmelmannschule;W;;;;;
0.3;08212000;09.06.2024;Europawahl 2024;08212000;Stadt Karlsruhe;;;;;;;Südweststadt;Südweststadt;00427;Stadt Karlsruhe - 004-27 Südendschule;W;;;;;
0.3;08212000;09.06.2024;Europawahl 2024;08212000;Stadt Karlsruhe;;;;;;;Südweststadt;Südweststadt;00428;Stadt Karlsruhe - 004-28 Goethe-Gymnasium;W;;;;;
0.3;08212000;09.06.2024;Europawahl 2024;08212000;Stadt Karlsruhe;;;;;;;Weststadt;Weststadt;00521;Stadt Karlsruhe - 005-21 Draisschule;W;;;;;
0.3;08212000;09.06.2024;Europawahl 2024;08212000;Stadt Karlsruhe;;;;;;;Weststadt;Weststadt;00522;Stadt Karlsruhe - 005-22 Helmholtz-Gymnasium;W;;;;;
0.3;08212000;09.06.2024;Europawahl 2024;08212000;Stadt Karlsruhe;;;;;;;Weststadt;Weststadt;00523;Stadt Karlsruhe - 005-23 Lessing-Gymnasium;W;;;;;
0.3;08212000;09.06.2024;Europawahl 2024;08212000;Stadt Karlsruhe;;;;;;;Weststadt;Weststadt;00524;Stadt Karlsruhe - 005-24 Lessing-Gymnasium;W;;;;;
0.3;08212000;09.06.2024;Europawahl 2024;08212000;Stadt Karlsruhe;;;;;;;Weststadt;Weststadt;00525;Stadt Karlsruhe - 005-25 Weinbrennerschule;W;;;;;
0.3;08212000;09.06.2024;Europawahl 2024;08212000;Stadt Karlsruhe;;;;;;;Weststadt;Weststadt;00526;Stadt Karlsruhe - 005-26 Lessing-Gymnasium;W;;;;;
0.3;08212000;09.06.2024;Europawahl 2024;08212000;Stadt Karlsruhe;;;;;;;Weststadt;Weststadt;00527;Stadt Karlsruhe - 005-27 Weinbrennerschule;W;;;;;
0.3;08212000;09.06.2024;Europawahl 2024;08212000;Stadt Karlsruhe;;;;;;;Weststadt;Weststadt;00528;Stadt Karlsruhe - 005-28 Helmholtz-Gymnasium;W;;;;;
0.3;08212000;09.06.2024;Europawahl 2024;08212000;Stadt Karlsruhe;;;;;;;Nordweststadt;Nordweststadt;00621;Stadt Karlsruhe - 006-21 Rennbuckelschule;W;;;;;
0.3;08212000;09.06.2024;Europawahl 2024;08212000;Stadt Karlsruhe;;;;;;;Nordweststadt;Nordweststadt;00622;Stadt Karlsruhe - 006-22 Werner-von-Siemens-Schule;W;;;;;
0.3;08212000;09.06.2024;Europawahl 2024;08212000;Stadt Karlsruhe;;;;;;;Nordweststadt;Nordweststadt;00623;Stadt Karlsruhe - 006-23 Werner-von-Siemens-Schule;W;;;;;
0.3;08212000;09.06.2024;Europawahl 2024;08212000;Stadt Karlsruhe;;;;;;;Nordweststadt;Nordweststadt;00624;Stadt Karlsruhe - 006-24 Werner-von-Siemens-Schule;W;;;;;
0.3;08212000;09.06.2024;Europawahl 2024;08212000;Stadt Karlsruhe;;;;;;;Nordweststadt;Nordweststadt;00625;Stadt Karlsruhe - 006-25 Werner-von-Siemens-Schule;W;;;;;
0.3;08212000;09.06.2024;Europawahl 2024;08212000;Stadt Karlsruhe;;;;;;;Oststadt;Oststadt;00721;Stadt Karlsruhe - 007-21 Friedrich-List-Schule;W;;;;;
0.3;08212000;09.06.2024;Europawahl 2024;08212000;Stadt Karlsruhe;;;;;;;Oststadt;Oststadt;00722;Stadt Karlsruhe - 007-22 Heinrich-Meidinger-Schule;W;;;;;
0.3;08212000;09.06.2024;Europawahl 2024;08212000;Stadt Karlsruhe;;;;;;;Oststadt;Oststadt;00723;Stadt Karlsruhe - 007-23 Lidellschule;W;;;;;
0.3;08212000;09.06.2024;Europawahl 2024;08212000;Stadt Karlsruhe;;;;;;;Oststadt;Oststadt;00724;Stadt Karlsruhe - 007-24 Lidellschule;W;;;;;
0.3;08212000;09.06.2024;Europawahl 2024;08212000;Stadt Karlsruhe;;;;;;;Oststadt;Oststadt;00725;Stadt Karlsruhe - 007-25 Lidellschule;W;;;;;
0.3;08212000;09.06.2024;Europawahl 2024;08212000;Stadt Karlsruhe;;;;;;;Oststadt;Oststadt;00726;Stadt Karlsruhe - 007-26 Friedrich-List-Schule;W;;;;;
0.3;08212000;09.06.2024;Europawahl 2024;08212000;Stadt Karlsruhe;;;;;;;Oststadt;Oststadt;00727;Stadt Karlsruhe - 007-27 Betreues Wohnen Klosterweg;W;;;;;
0.3;08212000;09.06.2024;Europawahl 2024;08212000;Stadt Karlsruhe;;;;;;;Oststadt;Oststadt;00728;Stadt Karlsruhe - 007-28 Lidellschule;W;;;;;
0.3;08212000;09.06.2024;Europawahl 2024;08212000;Stadt Karlsruhe;;;;;;;Mühlburg;Mühlburg;00821;Stadt Karlsruhe - 008-21 Draisschule;W;;;;;
0.3;08212000;09.06.2024;Europawahl 2024;08212000;Stadt Karlsruhe;;;;;;;Mühlburg;Mühlburg;00822;Stadt Karlsruhe - 008-22 Friedrich-Ebert-Schule;W;;;;;
0.3;08212000;09.06.2024;Europawahl 2024;08212000;Stadt Karlsruhe;;;;;;;Mühlburg;Mühlburg;00823;Stadt Karlsruhe - 008-23 Vogesenschule;W;;;;;
0.3;08212000;09.06.2024;Europawahl 2024;08212000;Stadt Karlsruhe;;;;;;;Mühlburg;Mühlburg;00824;Stadt Karlsruhe - 008-24 Vogesenschule;W;;;;;
0.3;08212000;09.06.2024;Europawahl 2024;08212000;Stadt Karlsruhe;;;;;;;Mühlburg;Mühlburg;00825;Stadt Karlsruhe - 008-25 Draisschule;W;;;;;
0.3;08212000;09.06.2024;Europawahl 2024;08212000;Stadt Karlsruhe;;;;;;;Mühlburg;Mühlburg;00826;Stadt Karlsruhe - 008-26 Friedrich-Ebert-Schule;W;;;;;
0.3;08212000;09.06.2024;Europawahl 2024;08212000;Stadt Karlsruhe;;;;;;;Daxlanden;Daxlanden;00921;Stadt Karlsruhe - 009-21 Adam-Remmele-Schule;W;;;;;
0.3;08212000;09.06.2024;Europawahl 2024;08212000;Stadt Karlsruhe;;;;;;;Daxlanden;Daxlanden;00922;Stadt Karlsruhe - 009-22 Adam-Remmele-Schule;W;;;;;
0.3;08212000;09.06.2024;Europawahl 2024;08212000;Stadt Karlsruhe;;;;;;;Daxlanden;Daxlanden;00923;Stadt Karlsruhe - 009-23 Grundschule Daxlanden;W;;;;;
0.3;08212000;09.06.2024;Europawahl 2024;08212000;Stadt Karlsruhe;;;;;;;Daxlanden;Daxlanden;00924;Stadt Karlsruhe - 009-24 Grundschule Daxlanden;W;;;;;
0.3;08212000;09.06.2024;Europawahl 2024;08212000;Stadt Karlsruhe;;;;;;;Daxlanden;Daxlanden;00925;Stadt Karlsruhe - 009-25 Adam-Remmele-Schule;W;;;;;
0.3;08212000;09.06.2024;Europawahl 2024;08212000;Stadt Karlsruhe;;;;;;;Knielingen;Knielingen;01021;Stadt Karlsruhe - 010-21 Grundschule Knielingen;W;;;;;
0.3;08212000;09.06.2024;Europawahl 2024;08212000;Stadt Karlsruhe;;;;;;;Knielingen;Knielingen;01022;Stadt Karlsruhe - 010-22 Viktor-von-Scheffel-Schule;W;;;;;
0.3;08212000;09.06.2024;Europawahl 2024;08212000;Stadt Karlsruhe;;;;;;;Knielingen;Knielingen;01023;Stadt Karlsruhe - 010-23 Viktor-von-Scheffel-Schule;W;;;;;
0.3;08212000;09.06.2024;Europawahl 2024;08212000;Stadt Karlsruhe;;;;;;;Knielingen;Knielingen;01024;Stadt Karlsruhe - 010-24 Viktor-von-Scheffel-Schule;W;;;;;
0.3;08212000;09.06.2024;Europawahl 2024;08212000;Stadt Karlsruhe;;;;;;;Knielingen;Knielingen;01025;Stadt Karlsruhe - 010-25 Viktor-von-Scheffel-Schule;W;;;;;
0.3;08212000;09.06.2024;Europawahl 2024;08212000;Stadt Karlsruhe;;;;;;;Grünwinkel;Grünwinkel;01121;Stadt Karlsruhe - 011-21 Feuerwehrhaus Grünwinkel;W;;;;;
0.3;08212000;09.06.2024;Europawahl 2024;08212000;Stadt Karlsruhe;;;;;;;Grünwinkel;Grünwinkel;01122;Stadt Karlsruhe - 011-22 Gaststätte Siedlerheim;W;;;;;
0.3;08212000;09.06.2024;Europawahl 2024;08212000;Stadt Karlsruhe;;;;;;;Grünwinkel;Grünwinkel;01123;Stadt Karlsruhe - 011-23 Grundschule Grünwinkel;W;;;;;
0.3;08212000;09.06.2024;Europawahl 2024;08212000;Stadt Karlsruhe;;;;;;;Grünwinkel;Grünwinkel;01124;Stadt Karlsruhe - 011-24 Grundschule Grünwinkel;W;;;;;
0.3;08212000;09.06.2024;Europawahl 2024;08212000;Stadt Karlsruhe;;;;;;;Grünwinkel;Grünwinkel;01125;Stadt Karlsruhe - 011-25 Grundschule Grünwinkel;W;;;;;
0.3;08212000;09.06.2024;Europawahl 2024;08212000;Stadt Karlsruhe;;;;;;;Oberreut;Oberreut;01221;Stadt Karlsruhe - 012-21 Anne-Frank-Schule;W;;;;;
0.3;08212000;09.06.2024;Europawahl 2024;08212000;Stadt Karlsruhe;;;;;;;Oberreut;Oberreut;01222;Stadt Karlsruhe - 012-22 Anne-Frank-Schule;W;;;;;
0.3;08212000;09.06.2024;Europawahl 2024;08212000;Stadt Karlsruhe;;;;;;;Oberreut;Oberreut;01223;Stadt Karlsruhe - 012-23 Anne-Frank-Schule;W;;;;;
0.3;08212000;09.06.2024;Europawahl 2024;08212000;Stadt Karlsruhe;;;;;;;Oberreut;Oberreut;01224;Stadt Karlsruhe - 012-24 Anne-Frank-Schule;W;;;;;
0.3;08212000;09.06.2024;Europawahl 2024;08212000;Stadt Karlsruhe;;;;;;;Beiertheim-Bulach;Beiertheim-Bulach;01321;Stadt Karlsruhe - 013-21 Grundschule Bulach;W;;;;;
0.3;08212000;09.06.2024;Europawahl 2024;08212000;Stadt Karlsruhe;;;;;;;Beiertheim-Bulach;Beiertheim-Bulach;01322;Stadt Karlsruhe - 013-22 Grundschule Beiertheim;W;;;;;
0.3;08212000;09.06.2024;Europawahl 2024;08212000;Stadt Karlsruhe;;;;;;;Beiertheim-Bulach;Beiertheim-Bulach;01323;Stadt Karlsruhe - 013-23 Grundschule Beiertheim;W;;;;;
0.3;08212000;09.06.2024;Europawahl 2024;08212000;Stadt Karlsruhe;;;;;;;Beiertheim-Bulach;Beiertheim-Bulach;01324;Stadt Karlsruhe - 013-24 Grundschule Bulach;W;;;;;
0.3;08212000;09.06.2024;Europawahl 2024;08212000;Stadt Karlsruhe;;;;;;;Weiherfeld-Dammerstock;Weiherfeld-Dammerstock;01421;Stadt Karlsruhe - 014-21 Kirche St. Franziskus;W;;;;;
0.3;08212000;09.06.2024;Europawahl 2024;08212000;Stadt Karlsruhe;;;;;;;Weiherfeld-Dammerstock;Weiherfeld-Dammerstock;01422;Stadt Karlsruhe - 014-22 Weiherwaldschule;W;;;;;
0.3;08212000;09.06.2024;Europawahl 2024;08212000;Stadt Karlsruhe;;;;;;;Weiherfeld-Dammerstock;Weiherfeld-Dammerstock;01423;Stadt Karlsruhe - 014-23 Kirche St. Franziskus;W;;;;;
0.3;08212000;09.06.2024;Europawahl 2024;08212000;Stadt Karlsruhe;;;;;;;Rüppurr;Rüppurr;01521;Stadt Karlsruhe - 015-21 Eichelgartenschule;W;;;;;
0.3;08212000;09.06.2024;Europawahl 2024;08212000;Stadt Karlsruhe;;;;;;;Rüppurr;Rüppurr;01522;Stadt Karlsruhe - 015-22 Riedschule;W;;;;;
0.3;08212000;09.06.2024;Europawahl 2024;08212000;Stadt Karlsruhe;;;;;;;Rüppurr;Rüppurr;01523;Stadt Karlsruhe - 015-23 Riedschule;W;;;;;
0.3;08212000;09.06.2024;Europawahl 2024;08212000;Stadt Karlsruhe;;;;;;;Rüppurr;Rüppurr;01524;Stadt Karlsruhe - 015-24 Eichelgartenschule;W;;;;;
0.3;08212000;09.06.2024;Europawahl 2024;08212000;Stadt Karlsruhe;;;;;;;Rüppurr;Rüppurr;01525;Stadt Karlsruhe - 015-25 Eichelgartenschule;W;;;;;
0.3;08212000;09.06.2024;Europawahl 2024;08212000;Stadt Karlsruhe;;;;;;;Waldstadt;Waldstadt;01621;Stadt Karlsruhe - 016-21 Otto-Hahn-Gymnasium;W;;;;;
0.3;08212000;09.06.2024;Europawahl 2024;08212000;Stadt Karlsruhe;;;;;;;Waldstadt;Waldstadt;01622;Stadt Karlsruhe - 016-22 Eichendorffschule;W;;;;;
0.3;08212000;09.06.2024;Europawahl 2024;08212000;Stadt Karlsruhe;;;;;;;Waldstadt;Waldstadt;01623;Stadt Karlsruhe - 016-23 Ernst-Reuter-Schule (ehem. Schülerhort);W;;;;;
0.3;08212000;09.06.2024;Europawahl 2024;08212000;Stadt Karlsruhe;;;;;;;Waldstadt;Waldstadt;01624;Stadt Karlsruhe - 016-24 Eichendorffschule;W;;;;;
0.3;08212000;09.06.2024;Europawahl 2024;08212000;Stadt Karlsruhe;;;;;;;Waldstadt;Waldstadt;01625;Stadt Karlsruhe - 016-25 Europäische Schule;W;;;;;
0.3;08212000;09.06.2024;Europawahl 2024;08212000;Stadt Karlsruhe;;;;;;;Rintheim;Rintheim;01721;Stadt Karlsruhe - 017-21 Tulla-Realschule;W;;;;;
0.3;08212000;09.06.2024;Europawahl 2024;08212000;Stadt Karlsruhe;;;;;;;Rintheim;Rintheim;01722;Stadt Karlsruhe - 017-22 Tulla-Realschule;W;;;;;
0.3;08212000;09.06.2024;Europawahl 2024;08212000;Stadt Karlsruhe;;;;;;;Rintheim;Rintheim;01723;Stadt Karlsruhe - 017-23 Tulla-Realschule;W;;;;;
0.3;08212000;09.06.2024;Europawahl 2024;08212000;Stadt Karlsruhe;;;;;;;Hagsfeld;Hagsfeld;01821;Stadt Karlsruhe - 018-21 Sozialer Dienst - Bezirksgruppe Ost;W;;;;;
0.3;08212000;09.06.2024;Europawahl 2024;08212000;Stadt Karlsruhe;;;;;;;Hagsfeld;Hagsfeld;01822;Stadt Karlsruhe - 018-22 Grundschule Hagsfeld;W;;;;;
0.3;08212000;09.06.2024;Europawahl 2024;08212000;Stadt Karlsruhe;;;;;;;Hagsfeld;Hagsfeld;01823;Stadt Karlsruhe - 018-23 Grundschule Hagsfeld;W;;;;;
0.3;08212000;09.06.2024;Europawahl 2024;08212000;Stadt Karlsruhe;;;;;;;Durlach;Durlach;01921;Stadt Karlsruhe - 019-21 Oberwaldschule;W;;;;;
0.3;08212000;09.06.2024;Europawahl 2024;08212000;Stadt Karlsruhe;;;;;;;Durlach;Durlach;01922;Stadt Karlsruhe - 019-22 Oberwaldschule;W;;;;;
0.3;08212000;09.06.2024;Europawahl 2024;08212000;Stadt Karlsruhe;;;;;;;Durlach;Durlach;01923;Stadt Karlsruhe - 019-23 Friedrich-Realschule;W;;;;;
0.3;08212000;09.06.2024;Europawahl 2024;08212000;Stadt Karlsruhe;;;;;;;Durlach;Durlach;01924;Stadt Karlsruhe - 019-24 Grundschule Bergwald;W;;;;;
0.3;08212000;09.06.2024;Europawahl 2024;08212000;Stadt Karlsruhe;;;;;;;Durlach;Durlach;01925;Stadt Karlsruhe - 019-25 Karlsburg;W;;;;;
0.3;08212000;09.06.2024;Europawahl 2024;08212000;Stadt Karlsruhe;;;;;;;Durlach;Durlach;01926;Stadt Karlsruhe - 019-26 Markgrafen-Gymnasium;W;;;;;
0.3;08212000;09.06.2024;Europawahl 2024;08212000;Stadt Karlsruhe;;;;;;;Durlach;Durlach;01927;Stadt Karlsruhe - 019-27 Markgrafen-Gymnasium;W;;;;;
0.3;08212000;09.06.2024;Europawahl 2024;08212000;Stadt Karlsruhe;;;;;;;Durlach;Durlach;01928;Stadt Karlsruhe - 019-28 Pestalozzischule;W;;;;;
0.3;08212000;09.06.2024;Europawahl 2024;08212000;Stadt Karlsruhe;;;;;;;Durlach;Durlach;01929;Stadt Karlsruhe - 019-29 Pestalozzischule;W;;;;;
0.3;08212000;09.06.2024;Europawahl 2024;08212000;Stadt Karlsruhe;;;;;;;Durlach;Durlach;01930;Stadt Karlsruhe - 019-30 Oberwaldschule;W;;;;;
0.3;08212000;09.06.2024;Europawahl 2024;08212000;Stadt Karlsruhe;;;;;;;Durlach;Durlach;01931;Stadt Karlsruhe - 019-31 Markgrafen-Gymnasium;W;;;;;
0.3;08212000;09.06.2024;Europawahl 2024;08212000;Stadt Karlsruhe;;;;;;;Durlach;Durlach;01932;Stadt Karlsruhe - 019-32 Pestalozzischule;W;;;;;
0.3;08212000;09.06.2024;Europawahl 2024;08212000;Stadt Karlsruhe;;;;;;;Durlach;Durlach;01933;Stadt Karlsruhe - 019-33 Karlsburg;W;;;;;
0.3;08212000;09.06.2024;Europawahl 2024;08212000;Stadt Karlsruhe;;;;;;;Grötzingen;Grötzingen;02021;Stadt Karlsruhe - 020-21 Kita Obere Setz;W;;;;;
0.3;08212000;09.06.2024;Europawahl 2024;08212000;Stadt Karlsruhe;;;;;;;Grötzingen;Grötzingen;02022;Stadt Karlsruhe - 020-22 Herbert-Schweizer-Haus-Begegnungsstätte Grötzingen;W;;;;;
0.3;08212000;09.06.2024;Europawahl 2024;08212000;Stadt Karlsruhe;;;;;;;Grötzingen;Grötzingen;02023;Stadt Karlsruhe - 020-23 Augustenburg Gemeinschaftsschule;W;;;;;
0.3;08212000;09.06.2024;Europawahl 2024;08212000;Stadt Karlsruhe;;;;;;;Grötzingen;Grötzingen;02024;Stadt Karlsruhe - 020-24 Augustenburg Gemeinschaftsschule;W;;;;;
0.3;08212000;09.06.2024;Europawahl 2024;08212000;Stadt Karlsruhe;;;;;;;Stupferich;Stupferich;02121;Stadt Karlsruhe - 021-21 Gemeindezentrum Stupferich;W;;;;;
0.3;08212000;09.06.2024;Europawahl 2024;08212000;Stadt Karlsruhe;;;;;;;Stupferich;Stupferich;02122;Stadt Karlsruhe - 021-22 Gemeindezentrum Stupferich;W;;;;;
0.3;08212000;09.06.2024;Europawahl 2024;08212000;Stadt Karlsruhe;;;;;;;Hohenwettersbach;Hohenwettersbach;02221;Stadt Karlsruhe - 022-21 Lustgartenhalle Hohenwettersbach;W;;;;;
0.3;08212000;09.06.2024;Europawahl 2024;08212000;Stadt Karlsruhe;;;;;;;Hohenwettersbach;Hohenwettersbach;02222;Stadt Karlsruhe - 022-22 Lustgartenhalle Hohenwettersbach;W;;;;;
0.3;08212000;09.06.2024;Europawahl 2024;08212000;Stadt Karlsruhe;;;;;;;Wolfartsweier;Wolfartsweier;02321;Stadt Karlsruhe - 023-21 Begegnungsstätte Wolfartsweier;W;;;;;
0.3;08212000;09.06.2024;Europawahl 2024;08212000;Stadt Karlsruhe;;;;;;;Wolfartsweier;Wolfartsweier;02322;Stadt Karlsruhe - 023-22 Begegnungsstätte Wolfartsweier;W;;;;;
0.3;08212000;09.06.2024;Europawahl 2024;08212000;Stadt Karlsruhe;;;;;;;Grünwettersbach;Grünwettersbach;02421;Stadt Karlsruhe - 024-21 Heinz-Barth-Schule;W;;;;;
0.3;08212000;09.06.2024;Europawahl 2024;08212000;Stadt Karlsruhe;;;;;;;Grünwettersbach;Grünwettersbach;02422;Stadt Karlsruhe - 024-22 Kita Dorfwies;W;;;;;
0.3;08212000;09.06.2024;Europawahl 2024;08212000;Stadt Karlsruhe;;;;;;;Palmbach;Palmbach;02521;Stadt Karlsruhe - 025-21 Städt. Kindertagesstätte Wettersbach;W;;;;;
0.3;08212000;09.06.2024;Europawahl 2024;08212000;Stadt Karlsruhe;;;;;;;Neureut;Neureut;02621;Stadt Karlsruhe - 026-21 Kindergarten Neureut-Heide;W;;;;;
0.3;08212000;09.06.2024;Europawahl 2024;08212000;Stadt Karlsruhe;;;;;;;Neureut;Neureut;02622;Stadt Karlsruhe - 026-22 Rathaus Neureut;W;;;;;
0.3;08212000;09.06.2024;Europawahl 2024;08212000;Stadt Karlsruhe;;;;;;;Neureut;Neureut;02623;Stadt Karlsruhe - 026-23 Nordschule Neureut;W;;;;;
0.3;08212000;09.06.2024;Europawahl 2024;08212000;Stadt Karlsruhe;;;;;;;Neureut;Neureut;02624;Stadt Karlsruhe - 026-24 Schulzentrum Neureut;W;;;;;
0.3;08212000;09.06.2024;Europawahl 2024;08212000;Stadt Karlsruhe;;;;;;;Neureut;Neureut;02625;Stadt Karlsruhe - 026-25 Südschule-Neureut;W;;;;;
0.3;08212000;09.06.2024;Europawahl 2024;08212000;Stadt Karlsruhe;;;;;;;Neureut;Neureut;02626;Stadt Karlsruhe - 026-26 Waldschule Neureut;W;;;;;
0.3;08212000;09.06.2024;Europawahl 2024;08212000;Stadt Karlsruhe;;;;;;;Neureut;Neureut;02627;Stadt Karlsruhe - 026-27 Waldschule Neureut;W;;;;;
0.3;08212000;09.06.2024;Europawahl 2024;08212000;Stadt Karlsruhe;;;;;;;Neureut;Neureut;02628;Stadt Karlsruhe - 026-28 Nordschule Neureut;W;;;;;
0.3;08212000;09.06.2024;Europawahl 2024;08212000;Stadt Karlsruhe;;;;;;;Nordstadt;Nordstadt;02721;Stadt Karlsruhe - 027-21 Marylandschule;W;;;;;
0.3;08212000;09.06.2024;Europawahl 2024;08212000;Stadt Karlsruhe;;;;;;;Nordstadt;Nordstadt;02722;Stadt Karlsruhe - 027-22 Marylandschule;W;;;;;
0.3;08212000;09.06.2024;Europawahl 2024;08212000;Stadt Karlsruhe;;;;;;;Nordstadt;Nordstadt;02723;Stadt Karlsruhe - 027-23 Marylandschule;W;;;;;
0.3;08212000;09.06.2024;Europawahl 2024;08212000;Stadt Karlsruhe;;;;;;;Nordstadt;Nordstadt;02724;Stadt Karlsruhe - 027-24 Marylandschule;W;;;;;
0.3;08212000;09.06.2024;Europawahl 2024;08212000;Stadt Karlsruhe;;;;;;;Innenstadt-Ost;Innenstadt-Ost;03001;Stadt Karlsruhe - 030-01 Briefwahl;B;;;;;
0.3;08212000;09.06.2024;Europawahl 2024;08212000;Stadt Karlsruhe;;;;;;;Innenstadt-Ost;Innenstadt-Ost;03002;Stadt Karlsruhe - 030-02 Briefwahl;B;;;;;
0.3;08212000;09.06.2024;Europawahl 2024;08212000;Stadt Karlsruhe;;;;;;;Innenstadt-West;Innenstadt-West;03003;Stadt Karlsruhe - 030-03 Briefwahl;B;;;;;
0.3;08212000;09.06.2024;Europawahl 2024;08212000;Stadt Karlsruhe;;;;;;;Innenstadt-West;Innenstadt-West;03004;Stadt Karlsruhe - 030-04 Briefwahl;B;;;;;
0.3;08212000;09.06.2024;Europawahl 2024;08212000;Stadt Karlsruhe;;;;;;;Innenstadt-West;Innenstadt-West;03005;Stadt Karlsruhe - 030-05 Briefwahl;B;;;;;
0.3;08212000;09.06.2024;Europawahl 2024;08212000;Stadt Karlsruhe;;;;;;;Innenstadt-West;Innenstadt-West;03006;Stadt Karlsruhe - 030-06 Briefwahl;B;;;;;
0.3;08212000;09.06.2024;Europawahl 2024;08212000;Stadt Karlsruhe;;;;;;;Innenstadt-West;Innenstadt-West;03007;Stadt Karlsruhe - 030-07 Briefwahl;B;;;;;
0.3;08212000;09.06.2024;Europawahl 2024;08212000;Stadt Karlsruhe;;;;;;;Südstadt;Südstadt;03008;Stadt Karlsruhe - 030-08 Briefwahl;B;;;;;
0.3;08212000;09.06.2024;Europawahl 2024;08212000;Stadt Karlsruhe;;;;;;;Südstadt;Südstadt;03009;Stadt Karlsruhe - 030-09 Briefwahl;B;;;;;
0.3;08212000;09.06.2024;Europawahl 2024;08212000;Stadt Karlsruhe;;;;;;;Südstadt;Südstadt;03010;Stadt Karlsruhe - 030-10 Briefwahl;B;;;;;
0.3;08212000;09.06.2024;Europawahl 2024;08212000;Stadt Karlsruhe;;;;;;;Südstadt;Südstadt;03011;Stadt Karlsruhe - 030-11 Briefwahl;B;;;;;
0.3;08212000;09.06.2024;Europawahl 2024;08212000;Stadt Karlsruhe;;;;;;;Südstadt;Südstadt;03012;Stadt Karlsruhe - 030-12 Briefwahl;B;;;;;
0.3;08212000;09.06.2024;Europawahl 2024;08212000;Stadt Karlsruhe;;;;;;;Südstadt;Südstadt;03013;Stadt Karlsruhe - 030-13 Briefwahl;B;;;;;
0.3;08212000;09.06.2024;Europawahl 2024;08212000;Stadt Karlsruhe;;;;;;;Südstadt;Südstadt;03014;Stadt Karlsruhe - 030-14 Briefwahl;B;;;;;
0.3;08212000;09.06.2024;Europawahl 2024;08212000;Stadt Karlsruhe;;;;;;;Südstadt;Südstadt;03015;Stadt Karlsruhe - 030-15 Briefwahl;B;;;;;
0.3;08212000;09.06.2024;Europawahl 2024;08212000;Stadt Karlsruhe;;;;;;;Südstadt;Südstadt;03016;Stadt Karlsruhe - 030-16 Briefwahl;B;;;;;
0.3;08212000;09.06.2024;Europawahl 2024;08212000;Stadt Karlsruhe;;;;;;;Südweststadt;Südweststadt;03017;Stadt Karlsruhe - 030-17 Briefwahl;B;;;;;
0.3;08212000;09.06.2024;Europawahl 2024;08212000;Stadt Karlsruhe;;;;;;;Südweststadt;Südweststadt;03018;Stadt Karlsruhe - 030-18 Briefwahl;B;;;;;
0.3;08212000;09.06.2024;Europawahl 2024;08212000;Stadt Karlsruhe;;;;;;;Südweststadt;Südweststadt;03019;Stadt Karlsruhe - 030-19 Briefwahl;B;;;;;
0.3;08212000;09.06.2024;Europawahl 2024;08212000;Stadt Karlsruhe;;;;;;;Südweststadt;Südweststadt;03020;Stadt Karlsruhe - 030-20 Briefwahl;B;;;;;
0.3;08212000;09.06.2024;Europawahl 2024;08212000;Stadt Karlsruhe;;;;;;;Südweststadt;Südweststadt;03021;Stadt Karlsruhe - 030-21 Briefwahl;B;;;;;
0.3;08212000;09.06.2024;Europawahl 2024;08212000;Stadt Karlsruhe;;;;;;;Südweststadt;Südweststadt;03022;Stadt Karlsruhe - 030-22 Briefwahl;B;;;;;
0.3;08212000;09.06.2024;Europawahl 2024;08212000;Stadt Karlsruhe;;;;;;;Südweststadt;Südweststadt;03023;Stadt Karlsruhe - 030-23 Briefwahl;B;;;;;
0.3;08212000;09.06.2024;Europawahl 2024;08212000;Stadt Karlsruhe;;;;;;;Südweststadt;Südweststadt;03024;Stadt Karlsruhe - 030-24 Briefwahl;B;;;;;
0.3;08212000;09.06.2024;Europawahl 2024;08212000;Stadt Karlsruhe;;;;;;;Südweststadt;Südweststadt;03025;Stadt Karlsruhe - 030-25 Briefwahl;B;;;;;
0.3;08212000;09.06.2024;Europawahl 2024;08212000;Stadt Karlsruhe;;;;;;;Südweststadt;Südweststadt;03026;Stadt Karlsruhe - 030-26 Briefwahl;B;;;;;
0.3;08212000;09.06.2024;Europawahl 2024;08212000;Stadt Karlsruhe;;;;;;;Weststadt;Weststadt;03027;Stadt Karlsruhe - 030-27 Briefwahl;B;;;;;
0.3;08212000;09.06.2024;Europawahl 2024;08212000;Stadt Karlsruhe;;;;;;;Weststadt;Weststadt;03028;Stadt Karlsruhe - 030-28 Briefwahl;B;;;;;
0.3;08212000;09.06.2024;Europawahl 2024;08212000;Stadt Karlsruhe;;;;;;;Weststadt;Weststadt;03029;Stadt Karlsruhe - 030-29 Briefwahl;B;;;;;
0.3;08212000;09.06.2024;Europawahl 2024;08212000;Stadt Karlsruhe;;;;;;;Weststadt;Weststadt;03030;Stadt Karlsruhe - 030-30 Briefwahl;B;;;;;
0.3;08212000;09.06.2024;Europawahl 2024;08212000;Stadt Karlsruhe;;;;;;;Weststadt;Weststadt;03031;Stadt Karlsruhe - 030-31 Briefwahl;B;;;;;
0.3;08212000;09.06.2024;Europawahl 2024;08212000;Stadt Karlsruhe;;;;;;;Weststadt;Weststadt;03032;Stadt Karlsruhe - 030-32 Briefwahl;B;;;;;
0.3;08212000;09.06.2024;Europawahl 2024;08212000;Stadt Karlsruhe;;;;;;;Weststadt;Weststadt;03033;Stadt Karlsruhe - 030-33 Briefwahl;B;;;;;
0.3;08212000;09.06.2024;Europawahl 2024;08212000;Stadt Karlsruhe;;;;;;;Weststadt;Weststadt;03034;Stadt Karlsruhe - 030-34 Briefwahl;B;;;;;
0.3;08212000;09.06.2024;Europawahl 2024;08212000;Stadt Karlsruhe;;;;;;;Weststadt;Weststadt;03035;Stadt Karlsruhe - 030-35 Briefwahl;B;;;;;
0.3;08212000;09.06.2024;Europawahl 2024;08212000;Stadt Karlsruhe;;;;;;;Nordweststadt;Nordweststadt;03036;Stadt Karlsruhe - 030-36 Briefwahl;B;;;;;
0.3;08212000;09.06.2024;Europawahl 2024;08212000;Stadt Karlsruhe;;;;;;;Nordweststadt;Nordweststadt;03037;Stadt Karlsruhe - 030-37 Briefwahl;B;;;;;
0.3;08212000;09.06.2024;Europawahl 2024;08212000;Stadt Karlsruhe;;;;;;;Nordweststadt;Nordweststadt;03038;Stadt Karlsruhe - 030-38 Briefwahl;B;;;;;
0.3;08212000;09.06.2024;Europawahl 2024;08212000;Stadt Karlsruhe;;;;;;;Nordweststadt;Nordweststadt;03039;Stadt Karlsruhe - 030-39 Briefwahl;B;;;;;
0.3;08212000;09.06.2024;Europawahl 2024;08212000;Stadt Karlsruhe;;;;;;;Oststadt;Oststadt;03040;Stadt Karlsruhe - 030-40 Briefwahl;B;;;;;
0.3;08212000;09.06.2024;Europawahl 2024;08212000;Stadt Karlsruhe;;;;;;;Oststadt;Oststadt;03041;Stadt Karlsruhe - 030-41 Briefwahl;B;;;;;
0.3;08212000;09.06.2024;Europawahl 2024;08212000;Stadt Karlsruhe;;;;;;;Oststadt;Oststadt;03042;Stadt Karlsruhe - 030-42 Briefwahl;B;;;;;
0.3;08212000;09.06.2024;Europawahl 2024;08212000;Stadt Karlsruhe;;;;;;;Oststadt;Oststadt;03043;Stadt Karlsruhe - 030-43 Briefwahl;B;;;;;
0.3;08212000;09.06.2024;Europawahl 2024;08212000;Stadt Karlsruhe;;;;;;;Oststadt;Oststadt;03044;Stadt Karlsruhe - 030-44 Briefwahl;B;;;;;
0.3;08212000;09.06.2024;Europawahl 2024;08212000;Stadt Karlsruhe;;;;;;;Oststadt;Oststadt;03045;Stadt Karlsruhe - 030-45 Briefwahl;B;;;;;
0.3;08212000;09.06.2024;Europawahl 2024;08212000;Stadt Karlsruhe;;;;;;;Oststadt;Oststadt;03046;Stadt Karlsruhe - 030-46 Briefwahl;B;;;;;
0.3;08212000;09.06.2024;Europawahl 2024;08212000;Stadt Karlsruhe;;;;;;;Oststadt;Oststadt;03047;Stadt Karlsruhe - 030-47 Briefwahl;B;;;;;
0.3;08212000;09.06.2024;Europawahl 2024;08212000;Stadt Karlsruhe;;;;;;;Oststadt;Oststadt;03048;Stadt Karlsruhe - 030-48 Briefwahl;B;;;;;
0.3;08212000;09.06.2024;Europawahl 2024;08212000;Stadt Karlsruhe;;;;;;;Mühlburg;Mühlburg;03049;Stadt Karlsruhe - 030-49 Briefwahl;B;;;;;
0.3;08212000;09.06.2024;Europawahl 2024;08212000;Stadt Karlsruhe;;;;;;;Mühlburg;Mühlburg;03050;Stadt Karlsruhe - 030-50 Briefwahl;B;;;;;
0.3;08212000;09.06.2024;Europawahl 2024;08212000;Stadt Karlsruhe;;;;;;;Mühlburg;Mühlburg;03051;Stadt Karlsruhe - 030-51 Briefwahl;B;;;;;
0.3;08212000;09.06.2024;Europawahl 2024;08212000;Stadt Karlsruhe;;;;;;;Mühlburg;Mühlburg;03052;Stadt Karlsruhe - 030-52 Briefwahl;B;;;;;
0.3;08212000;09.06.2024;Europawahl 2024;08212000;Stadt Karlsruhe;;;;;;;Mühlburg;Mühlburg;03053;Stadt Karlsruhe - 030-53 Briefwahl;B;;;;;
0.3;08212000;09.06.2024;Europawahl 2024;08212000;Stadt Karlsruhe;;;;;;;Mühlburg;Mühlburg;03054;Stadt Karlsruhe - 030-54 Briefwahl;B;;;;;
0.3;08212000;09.06.2024;Europawahl 2024;08212000;Stadt Karlsruhe;;;;;;;Daxlanden;Daxlanden;03055;Stadt Karlsruhe - 030-55 Briefwahl;B;;;;;
0.3;08212000;09.06.2024;Europawahl 2024;08212000;Stadt Karlsruhe;;;;;;;Daxlanden;Daxlanden;03056;Stadt Karlsruhe - 030-56 Briefwahl;B;;;;;
0.3;08212000;09.06.2024;Europawahl 2024;08212000;Stadt Karlsruhe;;;;;;;Daxlanden;Daxlanden;03057;Stadt Karlsruhe - 030-57 Briefwahl;B;;;;;
0.3;08212000;09.06.2024;Europawahl 2024;08212000;Stadt Karlsruhe;;;;;;;Daxlanden;Daxlanden;03058;Stadt Karlsruhe - 030-58 Briefwahl;B;;;;;
0.3;08212000;09.06.2024;Europawahl 2024;08212000;Stadt Karlsruhe;;;;;;;Knielingen;Knielingen;03059;Stadt Karlsruhe - 030-59 Briefwahl;B;;;;;
0.3;08212000;09.06.2024;Europawahl 2024;08212000;Stadt Karlsruhe;;;;;;;Knielingen;Knielingen;03060;Stadt Karlsruhe - 030-60 Briefwahl;B;;;;;
0.3;08212000;09.06.2024;Europawahl 2024;08212000;Stadt Karlsruhe;;;;;;;Knielingen;Knielingen;03061;Stadt Karlsruhe - 030-61 Briefwahl;B;;;;;
0.3;08212000;09.06.2024;Europawahl 2024;08212000;Stadt Karlsruhe;;;;;;;Knielingen;Knielingen;03062;Stadt Karlsruhe - 030-62 Briefwahl;B;;;;;
0.3;08212000;09.06.2024;Europawahl 2024;08212000;Stadt Karlsruhe;;;;;;;Grünwinkel;Grünwinkel;03063;Stadt Karlsruhe - 030-63 Briefwahl;B;;;;;
0.3;08212000;09.06.2024;Europawahl 2024;08212000;Stadt Karlsruhe;;;;;;;Grünwinkel;Grünwinkel;03064;Stadt Karlsruhe - 030-64 Briefwahl;B;;;;;
0.3;08212000;09.06.2024;Europawahl 2024;08212000;Stadt Karlsruhe;;;;;;;Grünwinkel;Grünwinkel;03065;Stadt Karlsruhe - 030-65 Briefwahl;B;;;;;
0.3;08212000;09.06.2024;Europawahl 2024;08212000;Stadt Karlsruhe;;;;;;;Grünwinkel;Grünwinkel;03066;Stadt Karlsruhe - 030-66 Briefwahl;B;;;;;
0.3;08212000;09.06.2024;Europawahl 2024;08212000;Stadt Karlsruhe;;;;;;;Oberreut;Oberreut;03067;Stadt Karlsruhe - 030-67 Briefwahl;B;;;;;
0.3;08212000;09.06.2024;Europawahl 2024;08212000;Stadt Karlsruhe;;;;;;;Oberreut;Oberreut;03068;Stadt Karlsruhe - 030-68 Briefwahl;B;;;;;
0.3;08212000;09.06.2024;Europawahl 2024;08212000;Stadt Karlsruhe;;;;;;;Beiertheim-Bulach;Beiertheim-Bulach;03069;Stadt Karlsruhe - 030-69 Briefwahl;B;;;;;
0.3;08212000;09.06.2024;Europawahl 2024;08212000;Stadt Karlsruhe;;;;;;;Beiertheim-Bulach;Beiertheim-Bulach;03070;Stadt Karlsruhe - 030-70 Briefwahl;B;;;;;
0.3;08212000;09.06.2024;Europawahl 2024;08212000;Stadt Karlsruhe;;;;;;;Beiertheim-Bulach;Beiertheim-Bulach;03071;Stadt Karlsruhe - 030-71 Briefwahl;B;;;;;
0.3;08212000;09.06.2024;Europawahl 2024;08212000;Stadt Karlsruhe;;;;;;;Weiherfeld-Dammerstock;Weiherfeld-Dammerstock;03072;Stadt Karlsruhe - 030-72 Briefwahl;B;;;;;
0.3;08212000;09.06.2024;Europawahl 2024;08212000;Stadt Karlsruhe;;;;;;;Weiherfeld-Dammerstock;Weiherfeld-Dammerstock;03073;Stadt Karlsruhe - 030-73 Briefwahl;B;;;;;
0.3;08212000;09.06.2024;Europawahl 2024;08212000;Stadt Karlsruhe;;;;;;;Weiherfeld-Dammerstock;Weiherfeld-Dammerstock;03074;Stadt Karlsruhe - 030-74 Briefwahl;B;;;;;
0.3;08212000;09.06.2024;Europawahl 2024;08212000;Stadt Karlsruhe;;;;;;;Rüppurr;Rüppurr;03075;Stadt Karlsruhe - 030-75 Briefwahl;B;;;;;
0.3;08212000;09.06.2024;Europawahl 2024;08212000;Stadt Karlsruhe;;;;;;;Rüppurr;Rüppurr;03076;Stadt Karlsruhe - 030-76 Briefwahl;B;;;;;
0.3;08212000;09.06.2024;Europawahl 2024;08212000;Stadt Karlsruhe;;;;;;;Rüppurr;Rüppurr;03077;Stadt Karlsruhe - 030-77 Briefwahl;B;;;;;
0.3;08212000;09.06.2024;Europawahl 2024;08212000;Stadt Karlsruhe;;;;;;;Rüppurr;Rüppurr;03078;Stadt Karlsruhe - 030-78 Briefwahl;B;;;;;
0.3;08212000;09.06.2024;Europawahl 2024;08212000;Stadt Karlsruhe;;;;;;;Rüppurr;Rüppurr;03079;Stadt Karlsruhe - 030-79 Briefwahl;B;;;;;
0.3;08212000;09.06.2024;Europawahl 2024;08212000;Stadt Karlsruhe;;;;;;;Rüppurr;Rüppurr;03080;Stadt Karlsruhe - 030-80 Briefwahl;B;;;;;
0.3;08212000;09.06.2024;Europawahl 2024;08212000;Stadt Karlsruhe;;;;;;;Waldstadt;Waldstadt;03081;Stadt Karlsruhe - 030-81 Briefwahl;B;;;;;
0.3;08212000;09.06.2024;Europawahl 2024;08212000;Stadt Karlsruhe;;;;;;;Waldstadt;Waldstadt;03082;Stadt Karlsruhe - 030-82 Briefwahl;B;;;;;
0.3;08212000;09.06.2024;Europawahl 2024;08212000;Stadt Karlsruhe;;;;;;;Waldstadt;Waldstadt;03083;Stadt Karlsruhe - 030-83 Briefwahl;B;;;;;
0.3;08212000;09.06.2024;Europawahl 2024;08212000;Stadt Karlsruhe;;;;;;;Waldstadt;Waldstadt;03084;Stadt Karlsruhe - 030-84 Briefwahl;B;;;;;
0.3;08212000;09.06.2024;Europawahl 2024;08212000;Stadt Karlsruhe;;;;;;;Rintheim;Rintheim;03085;Stadt Karlsruhe - 030-85 Briefwahl;B;;;;;
0.3;08212000;09.06.2024;Europawahl 2024;08212000;Stadt Karlsruhe;;;;;;;Rintheim;Rintheim;03086;Stadt Karlsruhe - 030-86 Briefwahl;B;;;;;
0.3;08212000;09.06.2024;Europawahl 2024;08212000;Stadt Karlsruhe;;;;;;;Hagsfeld;Hagsfeld;03087;Stadt Karlsruhe - 030-87 Briefwahl;B;;;;;
0.3;08212000;09.06.2024;Europawahl 2024;08212000;Stadt Karlsruhe;;;;;;;Hagsfeld;Hagsfeld;03088;Stadt Karlsruhe - 030-88 Briefwahl;B;;;;;
0.3;08212000;09.06.2024;Europawahl 2024;08212000;Stadt Karlsruhe;;;;;;;Hagsfeld;Hagsfeld;03089;Stadt Karlsruhe - 030-89 Briefwahl;B;;;;;
0.3;08212000;09.06.2024;Europawahl 2024;08212000;Stadt Karlsruhe;;;;;;;Nordstadt;Nordstadt;03090;Stadt Karlsruhe - 030-90 Briefwahl;B;;;;;
0.3;08212000;09.06.2024;Europawahl 2024;08212000;Stadt Karlsruhe;;;;;;;Nordstadt;Nordstadt;03091;Stadt Karlsruhe - 030-91 Briefwahl;B;;;;;
0.3;08212000;09.06.2024;Europawahl 2024;08212000;Stadt Karlsruhe;;;;;;;Nordstadt;Nordstadt;03092;Stadt Karlsruhe - 030-92 Briefwahl;B;;;;;
0.3;08212000;09.06.2024;Europawahl 2024;08212000;Stadt Karlsruhe;;;;;;;Nordstadt;Nordstadt;03093;Stadt Karlsruhe - 030-93 Briefwahl;B;;;;;
0.3;08212000;09.06.2024;Europawahl 2024;08212000;Stadt Karlsruhe;;;;;;;Durlach;Durlach;04001;Stadt Karlsruhe - 040-01 Briefwahl;B;;;;;
0.3;08212000;09.06.2024;Europawahl 2024;08212000;Stadt Karlsruhe;;;;;;;Durlach;Durlach;04002;Stadt Karlsruhe - 040-02 Briefwahl;B;;;;;
0.3;08212000;09.06.2024;Europawahl 2024;08212000;Stadt Karlsruhe;;;;;;;Durlach;Durlach;04003;Stadt Karlsruhe - 040-03 Briefwahl;B;;;;;
0.3;08212000;09.06.2024;Europawahl 2024;08212000;Stadt Karlsruhe;;;;;;;Durlach;Durlach;04004;Stadt Karlsruhe - 040-04 Briefwahl;B;;;;;
0.3;08212000;09.06.2024;Europawahl 2024;08212000;Stadt Karlsruhe;;;;;;;Durlach;Durlach;04005;Stadt Karlsruhe - 040-05 Briefwahl;B;;;;;
0.3;08212000;09.06.2024;Europawahl 2024;08212000;Stadt Karlsruhe;;;;;;;Durlach;Durlach;04006;Stadt Karlsruhe - 040-06 Briefwahl;B;;;;;
0.3;08212000;09.06.2024;Europawahl 2024;08212000;Stadt Karlsruhe;;;;;;;Durlach;Durlach;04007;Stadt Karlsruhe - 040-07 Briefwahl;B;;;;;
0.3;08212000;09.06.2024;Europawahl 2024;08212000;Stadt Karlsruhe;;;;;;;Durlach;Durlach;04008;Stadt Karlsruhe - 040-08 Briefwahl;B;;;;;
0.3;08212000;09.06.2024;Europawahl 2024;08212000;Stadt Karlsruhe;;;;;;;Durlach;Durlach;04009;Stadt Karlsruhe - 040-09 Briefwahl;B;;;;;
0.3;08212000;09.06.2024;Europawahl 2024;08212000;Stadt Karlsruhe;;;;;;;Durlach;Durlach;04010;Stadt Karlsruhe - 040-10 Briefwahl;B;;;;;
0.3;08212000;09.06.2024;Europawahl 2024;08212000;Stadt Karlsruhe;;;;;;;Durlach;Durlach;04011;Stadt Karlsruhe - 040-11 Briefwahl;B;;;;;
0.3;08212000;09.06.2024;Europawahl 2024;08212000;Stadt Karlsruhe;;;;;;;Durlach;Durlach;04012;Stadt Karlsruhe - 040-12 Briefwahl;B;;;;;
0.3;08212000;09.06.2024;Europawahl 2024;08212000;Stadt Karlsruhe;;;;;;;Durlach;Durlach;04013;Stadt Karlsruhe - 040-13 Briefwahl;B;;;;;
0.3;08212000;09.06.2024;Europawahl 2024;08212000;Stadt Karlsruhe;;;;;;;Grötzingen;Grötzingen;04014;Stadt Karlsruhe - 040-14 Briefwahl;B;;;;;
0.3;08212000;09.06.2024;Europawahl 2024;08212000;Stadt Karlsruhe;;;;;;;Grötzingen;Grötzingen;04015;Stadt Karlsruhe - 040-15 Briefwahl;B;;;;;
0.3;08212000;09.06.2024;Europawahl 2024;08212000;Stadt Karlsruhe;;;;;;;Grötzingen;Grötzingen;04016;Stadt Karlsruhe - 040-16 Briefwahl;B;;;;;
0.3;08212000;09.06.2024;Europawahl 2024;08212000;Stadt Karlsruhe;;;;;;;Grötzingen;Grötzingen;04017;Stadt Karlsruhe - 040-17 Briefwahl;B;;;;;
0.3;08212000;09.06.2024;Europawahl 2024;08212000;Stadt Karlsruhe;;;;;;;Grötzingen;Grötzingen;04018;Stadt Karlsruhe - 040-18 Briefwahl;B;;;;;
0.3;08212000;09.06.2024;Europawahl 2024;08212000;Stadt Karlsruhe;;;;;;;Stupferich;Stupferich;04019;Stadt Karlsruhe - 040-19 Briefwahl;B;;;;;
0.3;08212000;09.06.2024;Europawahl 2024;08212000;Stadt Karlsruhe;;;;;;;Stupferich;Stupferich;04020;Stadt Karlsruhe - 040-20 Briefwahl;B;;;;;
0.3;08212000;09.06.2024;Europawahl 2024;08212000;Stadt Karlsruhe;;;;;;;Hohenwettersbach;Hohenwettersbach;04021;Stadt Karlsruhe - 040-21 Briefwahl;B;;;;;
0.3;08212000;09.06.2024;Europawahl 2024;08212000;Stadt Karlsruhe;;;;;;;Hohenwettersbach;Hohenwettersbach;04022;Stadt Karlsruhe - 040-22 Briefwahl;B;;;;;
0.3;08212000;09.06.2024;Europawahl 2024;08212000;Stadt Karlsruhe;;;;;;;Wolfartsweier;Wolfartsweier;04023;Stadt Karlsruhe - 040-23 Briefwahl;B;;;;;
0.3;08212000;09.06.2024;Europawahl 2024;08212000;Stadt Karlsruhe;;;;;;;Wolfartsweier;Wolfartsweier;04024;Stadt Karlsruhe - 040-24 Briefwahl;B;;;;;
0.3;08212000;09.06.2024;Europawahl 2024;08212000;Stadt Karlsruhe;;;;;;;Grünwettersbach;Grünwettersbach;04025;Stadt Karlsruhe - 040-25 Briefwahl;B;;;;;
0.3;08212000;09.06.2024;Europawahl 2024;08212000;Stadt Karlsruhe;;;;;;;Grünwettersbach;Grünwettersbach;04026;Stadt Karlsruhe - 040-26 Briefwahl;B;;;;;
0.3;08212000;09.06.2024;Europawahl 2024;08212000;Stadt Karlsruhe;;;;;;;Grünwettersbach;Grünwettersbach;04027;Stadt Karlsruhe - 040-27 Briefwahl;B;;;;;
0.3;08212000;09.06.2024;Europawahl 2024;08212000;Stadt Karlsruhe;;;;;;;Palmbach;Palmbach;04028;Stadt Karlsruhe - 040-28 Briefwahl;B;;;;;
0.3;08212000;09.06.2024;Europawahl 2024;08212000;Stadt Karlsruhe;;;;;;;Neureut;Neureut;04029;Stadt Karlsruhe - 040-29 Briefwahl;B;;;;;
0.3;08212000;09.06.2024;Europawahl 2024;08212000;Stadt Karlsruhe;;;;;;;Neureut;Neureut;04030;Stadt Karlsruhe - 040-30 Briefwahl;B;;;;;
0.3;08212000;09.06.2024;Europawahl 2024;08212000;Stadt Karlsruhe;;;;;;;Neureut;Neureut;04031;Stadt Karlsruhe - 040-31 Briefwahl;B;;;;;
0.3;08212000;09.06.2024;Europawahl 2024;08212000;Stadt Karlsruhe;;;;;;;Neureut;Neureut;04032;Stadt Karlsruhe - 040-32 Briefwahl;B;;;;;
0.3;08212000;09.06.2024;Europawahl 2024;08212000;Stadt Karlsruhe;;;;;;;Neureut;Neureut;04033;Stadt Karlsruhe - 040-33 Briefwahl;B;;;;;
0.3;08212000;09.06.2024;Europawahl 2024;08212000;Stadt Karlsruhe;;;;;;;Neureut;Neureut;04034;Stadt Karlsruhe - 040-34 Briefwahl;B;;;;;
0.3;08212000;09.06.2024;Europawahl 2024;08212000;Stadt Karlsruhe;;;;;;;Neureut;Neureut;04035;Stadt Karlsruhe - 040-35 Briefwahl;B;;;;;
0.3;08212000;09.06.2024;Europawahl 2024;08212000;Stadt Karlsruhe;;;;;;;Neureut;Neureut;04036;Stadt Karlsruhe - 040-36 Briefwahl;B;;;;;
0.3;08212000;09.06.2024;Europawahl 2024;08212000;Stadt Karlsruhe;;;;;;;Neureut;Neureut;04037;Stadt Karlsruhe - 040-37 Briefwahl;B;;;;;
