Stimmbezirk;S_Name;S_URL;Stadtbezirk;Wahlbezirk;W_Name;W_URL
1011;1011 Volkspark;http://www.wahlergebnisse.stadt-hagen.de/prod/KW2020/05914000/html5/Ratswahl_NRW_205_Stimmbezirk_1011_Volkspark.html;Hagen-Mitte;01;01 Mittelstadt;http://www.wahlergebnisse.stadt-hagen.de/prod/KW2020/05914000/html5/Ratswahl_NRW_205_Wahlbezirk_01_Mittelstadt.html
1012;1012 Theater;http://www.wahlergebnisse.stadt-hagen.de/prod/KW2020/05914000/html5/Ratswahl_NRW_205_Stimmbezirk_1012_Theater.html;Hagen-Mitte;01;01 Mittelstadt;http://www.wahlergebnisse.stadt-hagen.de/prod/KW2020/05914000/html5/Ratswahl_NRW_205_Wahlbezirk_01_Mittelstadt.html
1013;1013 Friedrich-Ebert-Platz / Kunstquartier;http://www.wahlergebnisse.stadt-hagen.de/prod/KW2020/05914000/html5/Ratswahl_NRW_205_Stimmbezirk_1013_FriedrichEbertPlatz__Kunstquartier.html;Hagen-Mitte;01;01 Mittelstadt;http://www.wahlergebnisse.stadt-hagen.de/prod/KW2020/05914000/html5/Ratswahl_NRW_205_Wahlbezirk_01_Mittelstadt.html
1014;1014 Kratzkopf;http://www.wahlergebnisse.stadt-hagen.de/prod/KW2020/05914000/html5/Ratswahl_NRW_205_Stimmbezirk_1014_Kratzkopf.html;Hagen-Mitte;01;01 Mittelstadt;http://www.wahlergebnisse.stadt-hagen.de/prod/KW2020/05914000/html5/Ratswahl_NRW_205_Wahlbezirk_01_Mittelstadt.html
1021;1021 Volmeaue;http://www.wahlergebnisse.stadt-hagen.de/prod/KW2020/05914000/html5/Ratswahl_NRW_205_Stimmbezirk_1021_Volmeaue.html;Hagen-Mitte;02;02 Altenhagen-Süd;http://www.wahlergebnisse.stadt-hagen.de/prod/KW2020/05914000/html5/Ratswahl_NRW_205_Wahlbezirk_02_AltenhagenSued.html
1022;1022 Funckepark;http://www.wahlergebnisse.stadt-hagen.de/prod/KW2020/05914000/html5/Ratswahl_NRW_205_Stimmbezirk_1022_Funckepark.html;Hagen-Mitte;02;02 Altenhagen-Süd;http://www.wahlergebnisse.stadt-hagen.de/prod/KW2020/05914000/html5/Ratswahl_NRW_205_Wahlbezirk_02_AltenhagenSued.html
1023;1023 Yorckstr.;http://www.wahlergebnisse.stadt-hagen.de/prod/KW2020/05914000/html5/Ratswahl_NRW_205_Stimmbezirk_1023_Yorckstr.html;Hagen-Mitte;02;02 Altenhagen-Süd;http://www.wahlergebnisse.stadt-hagen.de/prod/KW2020/05914000/html5/Ratswahl_NRW_205_Wahlbezirk_02_AltenhagenSued.html
1024;1024 Funckestr.;http://www.wahlergebnisse.stadt-hagen.de/prod/KW2020/05914000/html5/Ratswahl_NRW_205_Stimmbezirk_1024_Funckestr.html;Hagen-Mitte;02;02 Altenhagen-Süd;http://www.wahlergebnisse.stadt-hagen.de/prod/KW2020/05914000/html5/Ratswahl_NRW_205_Wahlbezirk_02_AltenhagenSued.html
1025;1025 Am Ischeland;http://www.wahlergebnisse.stadt-hagen.de/prod/KW2020/05914000/html5/Ratswahl_NRW_205_Stimmbezirk_1025_Am_Ischeland.html;Hagen-Mitte;02;02 Altenhagen-Süd;http://www.wahlergebnisse.stadt-hagen.de/prod/KW2020/05914000/html5/Ratswahl_NRW_205_Wahlbezirk_02_AltenhagenSued.html
1031;1031 Adolf- / Sedanstr.;http://www.wahlergebnisse.stadt-hagen.de/prod/KW2020/05914000/html5/Ratswahl_NRW_205_Stimmbezirk_1031_Adolf__Sedanstr.html;Hagen-Mitte;03;03 Altenhagen-West;http://www.wahlergebnisse.stadt-hagen.de/prod/KW2020/05914000/html5/Ratswahl_NRW_205_Wahlbezirk_03_AltenhagenWest.html
1032;1032 Brink- / Altenhagener Str.;http://www.wahlergebnisse.stadt-hagen.de/prod/KW2020/05914000/html5/Ratswahl_NRW_205_Stimmbezirk_1032_Brink__Altenhagener_Str.html;Hagen-Mitte;03;03 Altenhagen-West;http://www.wahlergebnisse.stadt-hagen.de/prod/KW2020/05914000/html5/Ratswahl_NRW_205_Wahlbezirk_03_AltenhagenWest.html
1033;1033 St.-Josefs-Hospital;http://www.wahlergebnisse.stadt-hagen.de/prod/KW2020/05914000/html5/Ratswahl_NRW_205_Stimmbezirk_1033_StJosefsHospital.html;Hagen-Mitte;03;03 Altenhagen-West;http://www.wahlergebnisse.stadt-hagen.de/prod/KW2020/05914000/html5/Ratswahl_NRW_205_Wahlbezirk_03_AltenhagenWest.html
1034;1034 Kinkelstraße;http://www.wahlergebnisse.stadt-hagen.de/prod/KW2020/05914000/html5/Ratswahl_NRW_205_Stimmbezirk_1034_Kinkelstrasse.html;Hagen-Mitte;03;03 Altenhagen-West;http://www.wahlergebnisse.stadt-hagen.de/prod/KW2020/05914000/html5/Ratswahl_NRW_205_Wahlbezirk_03_AltenhagenWest.html
1041;1041 Zur Heide;http://www.wahlergebnisse.stadt-hagen.de/prod/KW2020/05914000/html5/Ratswahl_NRW_205_Stimmbezirk_1041_Zur_Heide.html;Hagen-Mitte;04;04 Altenhagen-Ost;http://www.wahlergebnisse.stadt-hagen.de/prod/KW2020/05914000/html5/Ratswahl_NRW_205_Wahlbezirk_04_AltenhagenOst.html
1042;1042 Alexander- / Alleestr.;http://www.wahlergebnisse.stadt-hagen.de/prod/KW2020/05914000/html5/Ratswahl_NRW_205_Stimmbezirk_1042_Alexander__Alleestr.html;Hagen-Mitte;04;04 Altenhagen-Ost;http://www.wahlergebnisse.stadt-hagen.de/prod/KW2020/05914000/html5/Ratswahl_NRW_205_Wahlbezirk_04_AltenhagenOst.html
1043;1043 Ginsterheide;http://www.wahlergebnisse.stadt-hagen.de/prod/KW2020/05914000/html5/Ratswahl_NRW_205_Stimmbezirk_1043_Ginsterheide.html;Hagen-Mitte;04;04 Altenhagen-Ost;http://www.wahlergebnisse.stadt-hagen.de/prod/KW2020/05914000/html5/Ratswahl_NRW_205_Wahlbezirk_04_AltenhagenOst.html
1044;1044 Polizeipräsidium;http://www.wahlergebnisse.stadt-hagen.de/prod/KW2020/05914000/html5/Ratswahl_NRW_205_Stimmbezirk_1044_Polizeipraesidium.html;Hagen-Mitte;04;04 Altenhagen-Ost;http://www.wahlergebnisse.stadt-hagen.de/prod/KW2020/05914000/html5/Ratswahl_NRW_205_Wahlbezirk_04_AltenhagenOst.html
1051;1051 Höing;http://www.wahlergebnisse.stadt-hagen.de/prod/KW2020/05914000/html5/Ratswahl_NRW_205_Stimmbezirk_1051_Hoeing.html;Hagen-Mitte;05;05 Fleyerviertel;http://www.wahlergebnisse.stadt-hagen.de/prod/KW2020/05914000/html5/Ratswahl_NRW_205_Wahlbezirk_05_Fleyerviertel.html
1052;1052 Fleyer Str.;http://www.wahlergebnisse.stadt-hagen.de/prod/KW2020/05914000/html5/Ratswahl_NRW_205_Stimmbezirk_1052_Fleyer_Str.html;Hagen-Mitte;05;05 Fleyerviertel;http://www.wahlergebnisse.stadt-hagen.de/prod/KW2020/05914000/html5/Ratswahl_NRW_205_Wahlbezirk_05_Fleyerviertel.html
1053;1053 Tondernsiedlung;http://www.wahlergebnisse.stadt-hagen.de/prod/KW2020/05914000/html5/Ratswahl_NRW_205_Stimmbezirk_1053_Tondernsiedlung.html;Hagen-Mitte;05;05 Fleyerviertel;http://www.wahlergebnisse.stadt-hagen.de/prod/KW2020/05914000/html5/Ratswahl_NRW_205_Wahlbezirk_05_Fleyerviertel.html
1054;1054 Lützowstr.;http://www.wahlergebnisse.stadt-hagen.de/prod/KW2020/05914000/html5/Ratswahl_NRW_205_Stimmbezirk_1054_Luetzowstr.html;Hagen-Mitte;05;05 Fleyerviertel;http://www.wahlergebnisse.stadt-hagen.de/prod/KW2020/05914000/html5/Ratswahl_NRW_205_Wahlbezirk_05_Fleyerviertel.html
1055;1055 Bredelle;http://www.wahlergebnisse.stadt-hagen.de/prod/KW2020/05914000/html5/Ratswahl_NRW_205_Stimmbezirk_1055_Bredelle.html;Hagen-Mitte;05;05 Fleyerviertel;http://www.wahlergebnisse.stadt-hagen.de/prod/KW2020/05914000/html5/Ratswahl_NRW_205_Wahlbezirk_05_Fleyerviertel.html
1061;1061 Walddorfstr.;http://www.wahlergebnisse.stadt-hagen.de/prod/KW2020/05914000/html5/Ratswahl_NRW_205_Stimmbezirk_1061_Walddorfstr.html;Hagen-Mitte;06;06 Eppenhausen;http://www.wahlergebnisse.stadt-hagen.de/prod/KW2020/05914000/html5/Ratswahl_NRW_205_Wahlbezirk_06_Eppenhausen.html
1062;1062 Ascherothstr.;http://www.wahlergebnisse.stadt-hagen.de/prod/KW2020/05914000/html5/Ratswahl_NRW_205_Stimmbezirk_1062_Ascherothstr.html;Hagen-Mitte;06;06 Eppenhausen;http://www.wahlergebnisse.stadt-hagen.de/prod/KW2020/05914000/html5/Ratswahl_NRW_205_Wahlbezirk_06_Eppenhausen.html
1063;1063 Boloh;http://www.wahlergebnisse.stadt-hagen.de/prod/KW2020/05914000/html5/Ratswahl_NRW_205_Stimmbezirk_1063_Boloh.html;Hagen-Mitte;06;06 Eppenhausen;http://www.wahlergebnisse.stadt-hagen.de/prod/KW2020/05914000/html5/Ratswahl_NRW_205_Wahlbezirk_06_Eppenhausen.html
1064;1064 Haferkamp;http://www.wahlergebnisse.stadt-hagen.de/prod/KW2020/05914000/html5/Ratswahl_NRW_205_Stimmbezirk_1064_Haferkamp.html;Hagen-Mitte;06;06 Eppenhausen;http://www.wahlergebnisse.stadt-hagen.de/prod/KW2020/05914000/html5/Ratswahl_NRW_205_Wahlbezirk_06_Eppenhausen.html
1065;1065 Fachhochschule;http://www.wahlergebnisse.stadt-hagen.de/prod/KW2020/05914000/html5/Ratswahl_NRW_205_Stimmbezirk_1065_Fachhochschule.html;Hagen-Mitte;06;06 Eppenhausen;http://www.wahlergebnisse.stadt-hagen.de/prod/KW2020/05914000/html5/Ratswahl_NRW_205_Wahlbezirk_06_Eppenhausen.html
1071;1071 Am Waldesrand;http://www.wahlergebnisse.stadt-hagen.de/prod/KW2020/05914000/html5/Ratswahl_NRW_205_Stimmbezirk_1071_Am_Waldesrand.html;Hagen-Mitte;07;07 Emst;http://www.wahlergebnisse.stadt-hagen.de/prod/KW2020/05914000/html5/Ratswahl_NRW_205_Wahlbezirk_07_Emst.html
1072;1072 Alt-Emst;http://www.wahlergebnisse.stadt-hagen.de/prod/KW2020/05914000/html5/Ratswahl_NRW_205_Stimmbezirk_1072_AltEmst.html;Hagen-Mitte;07;07 Emst;http://www.wahlergebnisse.stadt-hagen.de/prod/KW2020/05914000/html5/Ratswahl_NRW_205_Wahlbezirk_07_Emst.html
1073;1073 Fritz-Steinhoff-Park;http://www.wahlergebnisse.stadt-hagen.de/prod/KW2020/05914000/html5/Ratswahl_NRW_205_Stimmbezirk_1073_FritzSteinhoffPark.html;Hagen-Mitte;07;07 Emst;http://www.wahlergebnisse.stadt-hagen.de/prod/KW2020/05914000/html5/Ratswahl_NRW_205_Wahlbezirk_07_Emst.html
1074;1074 Max-Planck-Str. / Haßley;http://www.wahlergebnisse.stadt-hagen.de/prod/KW2020/05914000/html5/Ratswahl_NRW_205_Stimmbezirk_1074_MaxPlanckStr__Hassley.html;Hagen-Mitte;07;07 Emst;http://www.wahlergebnisse.stadt-hagen.de/prod/KW2020/05914000/html5/Ratswahl_NRW_205_Wahlbezirk_07_Emst.html
1075;1075 Bissingheim;http://www.wahlergebnisse.stadt-hagen.de/prod/KW2020/05914000/html5/Ratswahl_NRW_205_Stimmbezirk_1075_Bissingheim.html;Hagen-Mitte;07;07 Emst;http://www.wahlergebnisse.stadt-hagen.de/prod/KW2020/05914000/html5/Ratswahl_NRW_205_Wahlbezirk_07_Emst.html
1081;1081 Haldener Str.;http://www.wahlergebnisse.stadt-hagen.de/prod/KW2020/05914000/html5/Ratswahl_NRW_205_Stimmbezirk_1081_Haldener_Str.html;Hagen-Mitte;08;08 Remberg;http://www.wahlergebnisse.stadt-hagen.de/prod/KW2020/05914000/html5/Ratswahl_NRW_205_Wahlbezirk_08_Remberg.html
1082;1082 Rembergstr.;http://www.wahlergebnisse.stadt-hagen.de/prod/KW2020/05914000/html5/Ratswahl_NRW_205_Stimmbezirk_1082_Rembergstr.html;Hagen-Mitte;08;08 Remberg;http://www.wahlergebnisse.stadt-hagen.de/prod/KW2020/05914000/html5/Ratswahl_NRW_205_Wahlbezirk_08_Remberg.html
1083;1083 Eickertstr.;http://www.wahlergebnisse.stadt-hagen.de/prod/KW2020/05914000/html5/Ratswahl_NRW_205_Stimmbezirk_1083_Eickertstr.html;Hagen-Mitte;08;08 Remberg;http://www.wahlergebnisse.stadt-hagen.de/prod/KW2020/05914000/html5/Ratswahl_NRW_205_Wahlbezirk_08_Remberg.html
1084;1084 Bülowstr.;http://www.wahlergebnisse.stadt-hagen.de/prod/KW2020/05914000/html5/Ratswahl_NRW_205_Stimmbezirk_1084_Buelowstr.html;Hagen-Mitte;08;08 Remberg;http://www.wahlergebnisse.stadt-hagen.de/prod/KW2020/05914000/html5/Ratswahl_NRW_205_Wahlbezirk_08_Remberg.html
1085;1085 Eppenhauser Str.;http://www.wahlergebnisse.stadt-hagen.de/prod/KW2020/05914000/html5/Ratswahl_NRW_205_Stimmbezirk_1085_Eppenhauser_Str.html;Hagen-Mitte;08;08 Remberg;http://www.wahlergebnisse.stadt-hagen.de/prod/KW2020/05914000/html5/Ratswahl_NRW_205_Wahlbezirk_08_Remberg.html
1091;1091 Minervastr.;http://www.wahlergebnisse.stadt-hagen.de/prod/KW2020/05914000/html5/Ratswahl_NRW_205_Stimmbezirk_1091_Minervastr.html;Hagen-Mitte;09;09 Wehringhausen/Stadtgarten;http://www.wahlergebnisse.stadt-hagen.de/prod/KW2020/05914000/html5/Ratswahl_NRW_205_Wahlbezirk_09_WehringhausenStadtgarten.html
1092;1092 St.-Michael-Kirche;http://www.wahlergebnisse.stadt-hagen.de/prod/KW2020/05914000/html5/Ratswahl_NRW_205_Stimmbezirk_1092_StMichaelKirche.html;Hagen-Mitte;09;09 Wehringhausen/Stadtgarten;http://www.wahlergebnisse.stadt-hagen.de/prod/KW2020/05914000/html5/Ratswahl_NRW_205_Wahlbezirk_09_WehringhausenStadtgarten.html
1093;1093 Stadtgarten;http://www.wahlergebnisse.stadt-hagen.de/prod/KW2020/05914000/html5/Ratswahl_NRW_205_Stimmbezirk_1093_Stadtgarten.html;Hagen-Mitte;09;09 Wehringhausen/Stadtgarten;http://www.wahlergebnisse.stadt-hagen.de/prod/KW2020/05914000/html5/Ratswahl_NRW_205_Wahlbezirk_09_WehringhausenStadtgarten.html
1094;1094 Sternwarte;http://www.wahlergebnisse.stadt-hagen.de/prod/KW2020/05914000/html5/Ratswahl_NRW_205_Stimmbezirk_1094_Sternwarte.html;Hagen-Mitte;09;09 Wehringhausen/Stadtgarten;http://www.wahlergebnisse.stadt-hagen.de/prod/KW2020/05914000/html5/Ratswahl_NRW_205_Wahlbezirk_09_WehringhausenStadtgarten.html
1101;1101 Cunosiedlung;http://www.wahlergebnisse.stadt-hagen.de/prod/KW2020/05914000/html5/Ratswahl_NRW_205_Stimmbezirk_1101_Cunosiedlung.html;Hagen-Mitte;10;10 Wehringhausen/Kuhlerkamp;http://www.wahlergebnisse.stadt-hagen.de/prod/KW2020/05914000/html5/Ratswahl_NRW_205_Wahlbezirk_10_WehringhausenKuhlerkamp.html
1102;1102 Kuhlerkamp;http://www.wahlergebnisse.stadt-hagen.de/prod/KW2020/05914000/html5/Ratswahl_NRW_205_Stimmbezirk_1102_Kuhlerkamp.html;Hagen-Mitte;10;10 Wehringhausen/Kuhlerkamp;http://www.wahlergebnisse.stadt-hagen.de/prod/KW2020/05914000/html5/Ratswahl_NRW_205_Wahlbezirk_10_WehringhausenKuhlerkamp.html
1103;1103 Wehringhauser Str. / Philippshöhe;http://www.wahlergebnisse.stadt-hagen.de/prod/KW2020/05914000/html5/Ratswahl_NRW_205_Stimmbezirk_1103_Wehringhauser_Str__Philippshoehe.html;Hagen-Mitte;10;10 Wehringhausen/Kuhlerkamp;http://www.wahlergebnisse.stadt-hagen.de/prod/KW2020/05914000/html5/Ratswahl_NRW_205_Wahlbezirk_10_WehringhausenKuhlerkamp.html
1104;1104 Södingstr.;http://www.wahlergebnisse.stadt-hagen.de/prod/KW2020/05914000/html5/Ratswahl_NRW_205_Stimmbezirk_1104_Soedingstr.html;Hagen-Mitte;10;10 Wehringhausen/Kuhlerkamp;http://www.wahlergebnisse.stadt-hagen.de/prod/KW2020/05914000/html5/Ratswahl_NRW_205_Wahlbezirk_10_WehringhausenKuhlerkamp.html
1105;1105 Feuerwache Mitte;http://www.wahlergebnisse.stadt-hagen.de/prod/KW2020/05914000/html5/Ratswahl_NRW_205_Stimmbezirk_1105_Feuerwache_Mitte.html;Hagen-Mitte;10;10 Wehringhausen/Kuhlerkamp;http://www.wahlergebnisse.stadt-hagen.de/prod/KW2020/05914000/html5/Ratswahl_NRW_205_Wahlbezirk_10_WehringhausenKuhlerkamp.html
1106;1106 Wilhelmsplatz;http://www.wahlergebnisse.stadt-hagen.de/prod/KW2020/05914000/html5/Ratswahl_NRW_205_Stimmbezirk_1106_Wilhelmsplatz.html;Hagen-Mitte;10;10 Wehringhausen/Kuhlerkamp;http://www.wahlergebnisse.stadt-hagen.de/prod/KW2020/05914000/html5/Ratswahl_NRW_205_Wahlbezirk_10_WehringhausenKuhlerkamp.html
2111;2111 Brockhausen;http://www.wahlergebnisse.stadt-hagen.de/prod/KW2020/05914000/html5/Ratswahl_NRW_205_Stimmbezirk_2111_Brockhausen.html;Hagen-Nord;11;11 Boele/Hengstey/Brockhausen;http://www.wahlergebnisse.stadt-hagen.de/prod/KW2020/05914000/html5/Ratswahl_NRW_205_Wahlbezirk_11_BoeleHengsteyBrockhausen.html
2112;2112 Niedernhofstr.;http://www.wahlergebnisse.stadt-hagen.de/prod/KW2020/05914000/html5/Ratswahl_NRW_205_Stimmbezirk_2112_Niedernhofstr.html;Hagen-Nord;11;11 Boele/Hengstey/Brockhausen;http://www.wahlergebnisse.stadt-hagen.de/prod/KW2020/05914000/html5/Ratswahl_NRW_205_Wahlbezirk_11_BoeleHengsteyBrockhausen.html
2113;2113 Hilgenland;http://www.wahlergebnisse.stadt-hagen.de/prod/KW2020/05914000/html5/Ratswahl_NRW_205_Stimmbezirk_2113_Hilgenland.html;Hagen-Nord;11;11 Boele/Hengstey/Brockhausen;http://www.wahlergebnisse.stadt-hagen.de/prod/KW2020/05914000/html5/Ratswahl_NRW_205_Wahlbezirk_11_BoeleHengsteyBrockhausen.html
2114;2114 Hagener Str.;http://www.wahlergebnisse.stadt-hagen.de/prod/KW2020/05914000/html5/Ratswahl_NRW_205_Stimmbezirk_2114_Hagener_Str.html;Hagen-Nord;11;11 Boele/Hengstey/Brockhausen;http://www.wahlergebnisse.stadt-hagen.de/prod/KW2020/05914000/html5/Ratswahl_NRW_205_Wahlbezirk_11_BoeleHengsteyBrockhausen.html
2115;2115 Boele Kirche;http://www.wahlergebnisse.stadt-hagen.de/prod/KW2020/05914000/html5/Ratswahl_NRW_205_Stimmbezirk_2115_Boele_Kirche.html;Hagen-Nord;11;11 Boele/Hengstey/Brockhausen;http://www.wahlergebnisse.stadt-hagen.de/prod/KW2020/05914000/html5/Ratswahl_NRW_205_Wahlbezirk_11_BoeleHengsteyBrockhausen.html
2116;2116 Allensteiner Str. / Hengstey;http://www.wahlergebnisse.stadt-hagen.de/prod/KW2020/05914000/html5/Ratswahl_NRW_205_Stimmbezirk_2116_Allensteiner_Str__Hengstey.html;Hagen-Nord;11;11 Boele/Hengstey/Brockhausen;http://www.wahlergebnisse.stadt-hagen.de/prod/KW2020/05914000/html5/Ratswahl_NRW_205_Wahlbezirk_11_BoeleHengsteyBrockhausen.html
2121;2121 Fritz-Steinhoff-Schule;http://www.wahlergebnisse.stadt-hagen.de/prod/KW2020/05914000/html5/Ratswahl_NRW_205_Stimmbezirk_2121_FritzSteinhoffSchule.html;Hagen-Nord;12;12 Kabel/Bathey/Garenfeld;http://www.wahlergebnisse.stadt-hagen.de/prod/KW2020/05914000/html5/Ratswahl_NRW_205_Wahlbezirk_12_KabelBatheyGarenfeld.html
2122;2122 Borgenfeldstr.;http://www.wahlergebnisse.stadt-hagen.de/prod/KW2020/05914000/html5/Ratswahl_NRW_205_Stimmbezirk_2122_Borgenfeldstr.html;Hagen-Nord;12;12 Kabel/Bathey/Garenfeld;http://www.wahlergebnisse.stadt-hagen.de/prod/KW2020/05914000/html5/Ratswahl_NRW_205_Wahlbezirk_12_KabelBatheyGarenfeld.html
2123;2123 Knüwenstr.;http://www.wahlergebnisse.stadt-hagen.de/prod/KW2020/05914000/html5/Ratswahl_NRW_205_Stimmbezirk_2123_Knuewenstr.html;Hagen-Nord;12;12 Kabel/Bathey/Garenfeld;http://www.wahlergebnisse.stadt-hagen.de/prod/KW2020/05914000/html5/Ratswahl_NRW_205_Wahlbezirk_12_KabelBatheyGarenfeld.html
2124;2124 Steinhausstr.;http://www.wahlergebnisse.stadt-hagen.de/prod/KW2020/05914000/html5/Ratswahl_NRW_205_Stimmbezirk_2124_Steinhausstr.html;Hagen-Nord;12;12 Kabel/Bathey/Garenfeld;http://www.wahlergebnisse.stadt-hagen.de/prod/KW2020/05914000/html5/Ratswahl_NRW_205_Wahlbezirk_12_KabelBatheyGarenfeld.html
2125;2125 Bathey;http://www.wahlergebnisse.stadt-hagen.de/prod/KW2020/05914000/html5/Ratswahl_NRW_205_Stimmbezirk_2125_Bathey.html;Hagen-Nord;12;12 Kabel/Bathey/Garenfeld;http://www.wahlergebnisse.stadt-hagen.de/prod/KW2020/05914000/html5/Ratswahl_NRW_205_Wahlbezirk_12_KabelBatheyGarenfeld.html
2126;2126 Garenfeld;http://www.wahlergebnisse.stadt-hagen.de/prod/KW2020/05914000/html5/Ratswahl_NRW_205_Stimmbezirk_2126_Garenfeld.html;Hagen-Nord;12;12 Kabel/Bathey/Garenfeld;http://www.wahlergebnisse.stadt-hagen.de/prod/KW2020/05914000/html5/Ratswahl_NRW_205_Wahlbezirk_12_KabelBatheyGarenfeld.html
2131;2131 Helfer Str.;http://www.wahlergebnisse.stadt-hagen.de/prod/KW2020/05914000/html5/Ratswahl_NRW_205_Stimmbezirk_2131_Helfer_Str.html;Hagen-Nord;13;13 Helfe/Fley;http://www.wahlergebnisse.stadt-hagen.de/prod/KW2020/05914000/html5/Ratswahl_NRW_205_Wahlbezirk_13_HelfeFley.html
2132;2132 AWO-Heim Helfe;http://www.wahlergebnisse.stadt-hagen.de/prod/KW2020/05914000/html5/Ratswahl_NRW_205_Stimmbezirk_2132_AWOHeim_Helfe.html;Hagen-Nord;13;13 Helfe/Fley;http://www.wahlergebnisse.stadt-hagen.de/prod/KW2020/05914000/html5/Ratswahl_NRW_205_Wahlbezirk_13_HelfeFley.html
2133;2133 Louise-Schröder-Str.;http://www.wahlergebnisse.stadt-hagen.de/prod/KW2020/05914000/html5/Ratswahl_NRW_205_Stimmbezirk_2133_LouiseSchroederStr.html;Hagen-Nord;13;13 Helfe/Fley;http://www.wahlergebnisse.stadt-hagen.de/prod/KW2020/05914000/html5/Ratswahl_NRW_205_Wahlbezirk_13_HelfeFley.html
2134;2134 Fley;http://www.wahlergebnisse.stadt-hagen.de/prod/KW2020/05914000/html5/Ratswahl_NRW_205_Stimmbezirk_2134_Fley.html;Hagen-Nord;13;13 Helfe/Fley;http://www.wahlergebnisse.stadt-hagen.de/prod/KW2020/05914000/html5/Ratswahl_NRW_205_Wahlbezirk_13_HelfeFley.html
2135;2135 Buschstr.;http://www.wahlergebnisse.stadt-hagen.de/prod/KW2020/05914000/html5/Ratswahl_NRW_205_Stimmbezirk_2135_Buschstr.html;Hagen-Nord;13;13 Helfe/Fley;http://www.wahlergebnisse.stadt-hagen.de/prod/KW2020/05914000/html5/Ratswahl_NRW_205_Wahlbezirk_13_HelfeFley.html
2136;2136 Pappelstr.;http://www.wahlergebnisse.stadt-hagen.de/prod/KW2020/05914000/html5/Ratswahl_NRW_205_Stimmbezirk_2136_Pappelstr.html;Hagen-Nord;13;13 Helfe/Fley;http://www.wahlergebnisse.stadt-hagen.de/prod/KW2020/05914000/html5/Ratswahl_NRW_205_Wahlbezirk_13_HelfeFley.html
2141;2141 Freiligrathstr.;http://www.wahlergebnisse.stadt-hagen.de/prod/KW2020/05914000/html5/Ratswahl_NRW_205_Stimmbezirk_2141_Freiligrathstr.html;Hagen-Nord;14;14 Boelerheide;http://www.wahlergebnisse.stadt-hagen.de/prod/KW2020/05914000/html5/Ratswahl_NRW_205_Wahlbezirk_14_Boelerheide.html
2142;2142 Sonntagstr.;http://www.wahlergebnisse.stadt-hagen.de/prod/KW2020/05914000/html5/Ratswahl_NRW_205_Stimmbezirk_2142_Sonntagstr.html;Hagen-Nord;14;14 Boelerheide;http://www.wahlergebnisse.stadt-hagen.de/prod/KW2020/05914000/html5/Ratswahl_NRW_205_Wahlbezirk_14_Boelerheide.html
2143;2143 Wilhelm-Leuschner-Str.;http://www.wahlergebnisse.stadt-hagen.de/prod/KW2020/05914000/html5/Ratswahl_NRW_205_Stimmbezirk_2143_WilhelmLeuschnerStr.html;Hagen-Nord;14;14 Boelerheide;http://www.wahlergebnisse.stadt-hagen.de/prod/KW2020/05914000/html5/Ratswahl_NRW_205_Wahlbezirk_14_Boelerheide.html
2144;2144 Hügelstr.;http://www.wahlergebnisse.stadt-hagen.de/prod/KW2020/05914000/html5/Ratswahl_NRW_205_Stimmbezirk_2144_Huegelstr.html;Hagen-Nord;14;14 Boelerheide;http://www.wahlergebnisse.stadt-hagen.de/prod/KW2020/05914000/html5/Ratswahl_NRW_205_Wahlbezirk_14_Boelerheide.html
2145;2145 Hamecke;http://www.wahlergebnisse.stadt-hagen.de/prod/KW2020/05914000/html5/Ratswahl_NRW_205_Stimmbezirk_2145_Hamecke.html;Hagen-Nord;14;14 Boelerheide;http://www.wahlergebnisse.stadt-hagen.de/prod/KW2020/05914000/html5/Ratswahl_NRW_205_Wahlbezirk_14_Boelerheide.html
2151;2151 Masurenstr. / Aehringhausen / Voßacker;http://www.wahlergebnisse.stadt-hagen.de/prod/KW2020/05914000/html5/Ratswahl_NRW_205_Stimmbezirk_2151_Masurenstr__Aehringhausen__Vossacker.html;Hagen-Nord;15;15 Vorhalle/Eckesey;http://www.wahlergebnisse.stadt-hagen.de/prod/KW2020/05914000/html5/Ratswahl_NRW_205_Wahlbezirk_15_VorhalleEckesey.html
2152;2152 Vorhalle-Zentrum;http://www.wahlergebnisse.stadt-hagen.de/prod/KW2020/05914000/html5/Ratswahl_NRW_205_Stimmbezirk_2152_VorhalleZentrum.html;Hagen-Nord;15;15 Vorhalle/Eckesey;http://www.wahlergebnisse.stadt-hagen.de/prod/KW2020/05914000/html5/Ratswahl_NRW_205_Wahlbezirk_15_VorhalleEckesey.html
2153;2153 Wielandplatz / Becheltestr.;http://www.wahlergebnisse.stadt-hagen.de/prod/KW2020/05914000/html5/Ratswahl_NRW_205_Stimmbezirk_2153_Wielandplatz__Becheltestr.html;Hagen-Nord;15;15 Vorhalle/Eckesey;http://www.wahlergebnisse.stadt-hagen.de/prod/KW2020/05914000/html5/Ratswahl_NRW_205_Wahlbezirk_15_VorhalleEckesey.html
2154;2154 Lindenstr. / Funkenhausen;http://www.wahlergebnisse.stadt-hagen.de/prod/KW2020/05914000/html5/Ratswahl_NRW_205_Stimmbezirk_2154_Lindenstr__Funkenhausen.html;Hagen-Nord;15;15 Vorhalle/Eckesey;http://www.wahlergebnisse.stadt-hagen.de/prod/KW2020/05914000/html5/Ratswahl_NRW_205_Wahlbezirk_15_VorhalleEckesey.html
3161;3161 Halden;http://www.wahlergebnisse.stadt-hagen.de/prod/KW2020/05914000/html5/Ratswahl_NRW_205_Stimmbezirk_3161_Halden.html;Hohenlimburg;16;16 Hohenlimburg-Nord;http://www.wahlergebnisse.stadt-hagen.de/prod/KW2020/05914000/html5/Ratswahl_NRW_205_Wahlbezirk_16_HohenlimburgNord.html
3162;3162 Bandstahlstr.;http://www.wahlergebnisse.stadt-hagen.de/prod/KW2020/05914000/html5/Ratswahl_NRW_205_Stimmbezirk_3162_Bandstahlstr.html;Hohenlimburg;16;16 Hohenlimburg-Nord;http://www.wahlergebnisse.stadt-hagen.de/prod/KW2020/05914000/html5/Ratswahl_NRW_205_Wahlbezirk_16_HohenlimburgNord.html
3163;3163 Herbeck;http://www.wahlergebnisse.stadt-hagen.de/prod/KW2020/05914000/html5/Ratswahl_NRW_205_Stimmbezirk_3163_Herbeck.html;Hohenlimburg;16;16 Hohenlimburg-Nord;http://www.wahlergebnisse.stadt-hagen.de/prod/KW2020/05914000/html5/Ratswahl_NRW_205_Wahlbezirk_16_HohenlimburgNord.html
3164;3164 Berchum;http://www.wahlergebnisse.stadt-hagen.de/prod/KW2020/05914000/html5/Ratswahl_NRW_205_Stimmbezirk_3164_Berchum.html;Hohenlimburg;16;16 Hohenlimburg-Nord;http://www.wahlergebnisse.stadt-hagen.de/prod/KW2020/05914000/html5/Ratswahl_NRW_205_Wahlbezirk_16_HohenlimburgNord.html
3165;3165 Reh / Henkhausen;http://www.wahlergebnisse.stadt-hagen.de/prod/KW2020/05914000/html5/Ratswahl_NRW_205_Stimmbezirk_3165_Reh__Henkhausen.html;Hohenlimburg;16;16 Hohenlimburg-Nord;http://www.wahlergebnisse.stadt-hagen.de/prod/KW2020/05914000/html5/Ratswahl_NRW_205_Wahlbezirk_16_HohenlimburgNord.html
3166;3166 Kirchenberg;http://www.wahlergebnisse.stadt-hagen.de/prod/KW2020/05914000/html5/Ratswahl_NRW_205_Stimmbezirk_3166_Kirchenberg.html;Hohenlimburg;16;16 Hohenlimburg-Nord;http://www.wahlergebnisse.stadt-hagen.de/prod/KW2020/05914000/html5/Ratswahl_NRW_205_Wahlbezirk_16_HohenlimburgNord.html
3171;3171 Im Gersegge;http://www.wahlergebnisse.stadt-hagen.de/prod/KW2020/05914000/html5/Ratswahl_NRW_205_Stimmbezirk_3171_Im_Gersegge.html;Hohenlimburg;17;17 Hohenlimburg-Ost;http://www.wahlergebnisse.stadt-hagen.de/prod/KW2020/05914000/html5/Ratswahl_NRW_205_Wahlbezirk_17_HohenlimburgOst.html
3172;3172 Wiesenstr.;http://www.wahlergebnisse.stadt-hagen.de/prod/KW2020/05914000/html5/Ratswahl_NRW_205_Stimmbezirk_3172_Wiesenstr.html;Hohenlimburg;17;17 Hohenlimburg-Ost;http://www.wahlergebnisse.stadt-hagen.de/prod/KW2020/05914000/html5/Ratswahl_NRW_205_Wahlbezirk_17_HohenlimburgOst.html
3173;3173 Im Sibb;http://www.wahlergebnisse.stadt-hagen.de/prod/KW2020/05914000/html5/Ratswahl_NRW_205_Stimmbezirk_3173_Im_Sibb.html;Hohenlimburg;17;17 Hohenlimburg-Ost;http://www.wahlergebnisse.stadt-hagen.de/prod/KW2020/05914000/html5/Ratswahl_NRW_205_Wahlbezirk_17_HohenlimburgOst.html
3174;3174 Auf der Heide;http://www.wahlergebnisse.stadt-hagen.de/prod/KW2020/05914000/html5/Ratswahl_NRW_205_Stimmbezirk_3174_Auf_der_Heide.html;Hohenlimburg;17;17 Hohenlimburg-Ost;http://www.wahlergebnisse.stadt-hagen.de/prod/KW2020/05914000/html5/Ratswahl_NRW_205_Wahlbezirk_17_HohenlimburgOst.html
3175;3175 Elsey;http://www.wahlergebnisse.stadt-hagen.de/prod/KW2020/05914000/html5/Ratswahl_NRW_205_Stimmbezirk_3175_Elsey.html;Hohenlimburg;17;17 Hohenlimburg-Ost;http://www.wahlergebnisse.stadt-hagen.de/prod/KW2020/05914000/html5/Ratswahl_NRW_205_Wahlbezirk_17_HohenlimburgOst.html
3176;3176 Bezirksverwaltungsstelle Hohenlimburg;http://www.wahlergebnisse.stadt-hagen.de/prod/KW2020/05914000/html5/Ratswahl_NRW_205_Stimmbezirk_3176_Bezirksverwaltungsstelle_Hohenlimburg.html;Hohenlimburg;17;17 Hohenlimburg-Ost;http://www.wahlergebnisse.stadt-hagen.de/prod/KW2020/05914000/html5/Ratswahl_NRW_205_Wahlbezirk_17_HohenlimburgOst.html
3181;3181 Oeger Str. / Oege;http://www.wahlergebnisse.stadt-hagen.de/prod/KW2020/05914000/html5/Ratswahl_NRW_205_Stimmbezirk_3181_Oeger_Str__Oege.html;Hohenlimburg;18;18 Hohenlimburg-Süd;http://www.wahlergebnisse.stadt-hagen.de/prod/KW2020/05914000/html5/Ratswahl_NRW_205_Wahlbezirk_18_HohenlimburgSued.html
3182;3182 Wilhelmstr.;http://www.wahlergebnisse.stadt-hagen.de/prod/KW2020/05914000/html5/Ratswahl_NRW_205_Stimmbezirk_3182_Wilhelmstr.html;Hohenlimburg;18;18 Hohenlimburg-Süd;http://www.wahlergebnisse.stadt-hagen.de/prod/KW2020/05914000/html5/Ratswahl_NRW_205_Wahlbezirk_18_HohenlimburgSued.html
3183;3183 Nahmertal;http://www.wahlergebnisse.stadt-hagen.de/prod/KW2020/05914000/html5/Ratswahl_NRW_205_Stimmbezirk_3183_Nahmertal.html;Hohenlimburg;18;18 Hohenlimburg-Süd;http://www.wahlergebnisse.stadt-hagen.de/prod/KW2020/05914000/html5/Ratswahl_NRW_205_Wahlbezirk_18_HohenlimburgSued.html
3184;3184 Wesselbach;http://www.wahlergebnisse.stadt-hagen.de/prod/KW2020/05914000/html5/Ratswahl_NRW_205_Stimmbezirk_3184_Wesselbach.html;Hohenlimburg;18;18 Hohenlimburg-Süd;http://www.wahlergebnisse.stadt-hagen.de/prod/KW2020/05914000/html5/Ratswahl_NRW_205_Wahlbezirk_18_HohenlimburgSued.html
3185;3185 Wesselbachstr.;http://www.wahlergebnisse.stadt-hagen.de/prod/KW2020/05914000/html5/Ratswahl_NRW_205_Stimmbezirk_3185_Wesselbachstr.html;Hohenlimburg;18;18 Hohenlimburg-Süd;http://www.wahlergebnisse.stadt-hagen.de/prod/KW2020/05914000/html5/Ratswahl_NRW_205_Wahlbezirk_18_HohenlimburgSued.html
3191;3191 Holthausen;http://www.wahlergebnisse.stadt-hagen.de/prod/KW2020/05914000/html5/Ratswahl_NRW_205_Stimmbezirk_3191_Holthausen.html;Hohenlimburg;19;19 Hohenlimburg-West;http://www.wahlergebnisse.stadt-hagen.de/prod/KW2020/05914000/html5/Ratswahl_NRW_205_Wahlbezirk_19_HohenlimburgWest.html
3192;3192 Elseyer Kirchplatz / Am Somborn;http://www.wahlergebnisse.stadt-hagen.de/prod/KW2020/05914000/html5/Ratswahl_NRW_205_Stimmbezirk_3192_Elseyer_Kirchplatz__Am_Somborn.html;Hohenlimburg;19;19 Hohenlimburg-West;http://www.wahlergebnisse.stadt-hagen.de/prod/KW2020/05914000/html5/Ratswahl_NRW_205_Wahlbezirk_19_HohenlimburgWest.html
3193;3193 Mozartstr. / Alter Henkhauser Weg;http://www.wahlergebnisse.stadt-hagen.de/prod/KW2020/05914000/html5/Ratswahl_NRW_205_Stimmbezirk_3193_Mozartstr__Alter_Henkhauser_Weg.html;Hohenlimburg;19;19 Hohenlimburg-West;http://www.wahlergebnisse.stadt-hagen.de/prod/KW2020/05914000/html5/Ratswahl_NRW_205_Wahlbezirk_19_HohenlimburgWest.html
3194;3194 Wachtelweg / Am Berge;http://www.wahlergebnisse.stadt-hagen.de/prod/KW2020/05914000/html5/Ratswahl_NRW_205_Stimmbezirk_3194_Wachtelweg__Am_Berge.html;Hohenlimburg;19;19 Hohenlimburg-West;http://www.wahlergebnisse.stadt-hagen.de/prod/KW2020/05914000/html5/Ratswahl_NRW_205_Wahlbezirk_19_HohenlimburgWest.html
4201;4201 Springe / Tuchmacherstr.;http://www.wahlergebnisse.stadt-hagen.de/prod/KW2020/05914000/html5/Ratswahl_NRW_205_Stimmbezirk_4201_Springe__Tuchmacherstr.html;Hagen-Mitte;20;20 Eilpe-Zentrum/Oberhagen;http://www.wahlergebnisse.stadt-hagen.de/prod/KW2020/05914000/html5/Ratswahl_NRW_205_Wahlbezirk_20_EilpeZentrumOberhagen.html
4202;4202 Oberhagen;http://www.wahlergebnisse.stadt-hagen.de/prod/KW2020/05914000/html5/Ratswahl_NRW_205_Stimmbezirk_4202_Oberhagen.html;Eilpe/Dahl;20;20 Eilpe-Zentrum/Oberhagen;http://www.wahlergebnisse.stadt-hagen.de/prod/KW2020/05914000/html5/Ratswahl_NRW_205_Wahlbezirk_20_EilpeZentrumOberhagen.html
4203;4203 Untere Selbecker Str.;http://www.wahlergebnisse.stadt-hagen.de/prod/KW2020/05914000/html5/Ratswahl_NRW_205_Stimmbezirk_4203_Untere_Selbecker_Str.html;Eilpe/Dahl;20;20 Eilpe-Zentrum/Oberhagen;http://www.wahlergebnisse.stadt-hagen.de/prod/KW2020/05914000/html5/Ratswahl_NRW_205_Wahlbezirk_20_EilpeZentrumOberhagen.html
4204;4204 Hüttenbergstr.;http://www.wahlergebnisse.stadt-hagen.de/prod/KW2020/05914000/html5/Ratswahl_NRW_205_Stimmbezirk_4204_Huettenbergstr.html;Eilpe/Dahl;20;20 Eilpe-Zentrum/Oberhagen;http://www.wahlergebnisse.stadt-hagen.de/prod/KW2020/05914000/html5/Ratswahl_NRW_205_Wahlbezirk_20_EilpeZentrumOberhagen.html
4211;4211 Sunderlohstr.;http://www.wahlergebnisse.stadt-hagen.de/prod/KW2020/05914000/html5/Ratswahl_NRW_205_Stimmbezirk_4211_Sunderlohstr.html;Eilpe/Dahl;21;21 Eilper Feld/Delstern;http://www.wahlergebnisse.stadt-hagen.de/prod/KW2020/05914000/html5/Ratswahl_NRW_205_Wahlbezirk_21_Eilper_FeldDelstern.html
4212;4212 Selbecke;http://www.wahlergebnisse.stadt-hagen.de/prod/KW2020/05914000/html5/Ratswahl_NRW_205_Stimmbezirk_4212_Selbecke.html;Eilpe/Dahl;21;21 Eilper Feld/Delstern;http://www.wahlergebnisse.stadt-hagen.de/prod/KW2020/05914000/html5/Ratswahl_NRW_205_Wahlbezirk_21_Eilper_FeldDelstern.html
4213;4213 Gesamtschule Eilpe;http://www.wahlergebnisse.stadt-hagen.de/prod/KW2020/05914000/html5/Ratswahl_NRW_205_Stimmbezirk_4213_Gesamtschule_Eilpe.html;Eilpe/Dahl;21;21 Eilper Feld/Delstern;http://www.wahlergebnisse.stadt-hagen.de/prod/KW2020/05914000/html5/Ratswahl_NRW_205_Wahlbezirk_21_Eilper_FeldDelstern.html
4214;4214 In der Welle;http://www.wahlergebnisse.stadt-hagen.de/prod/KW2020/05914000/html5/Ratswahl_NRW_205_Stimmbezirk_4214_In_der_Welle.html;Eilpe/Dahl;21;21 Eilper Feld/Delstern;http://www.wahlergebnisse.stadt-hagen.de/prod/KW2020/05914000/html5/Ratswahl_NRW_205_Wahlbezirk_21_Eilper_FeldDelstern.html
4215;4215 Hohenfor;http://www.wahlergebnisse.stadt-hagen.de/prod/KW2020/05914000/html5/Ratswahl_NRW_205_Stimmbezirk_4215_Hohenfor.html;Eilpe/Dahl;21;21 Eilper Feld/Delstern;http://www.wahlergebnisse.stadt-hagen.de/prod/KW2020/05914000/html5/Ratswahl_NRW_205_Wahlbezirk_21_Eilper_FeldDelstern.html
4221;4221 Delstern-Süd;http://www.wahlergebnisse.stadt-hagen.de/prod/KW2020/05914000/html5/Ratswahl_NRW_205_Stimmbezirk_4221_DelsternSued.html;Eilpe/Dahl;22;22 Dahl/Volmetal;http://www.wahlergebnisse.stadt-hagen.de/prod/KW2020/05914000/html5/Ratswahl_NRW_205_Wahlbezirk_22_DahlVolmetal.html
4222;4222 Zum Bollwerk / Ambrock;http://www.wahlergebnisse.stadt-hagen.de/prod/KW2020/05914000/html5/Ratswahl_NRW_205_Stimmbezirk_4222_Zum_Bollwerk__Ambrock.html;Eilpe/Dahl;22;22 Dahl/Volmetal;http://www.wahlergebnisse.stadt-hagen.de/prod/KW2020/05914000/html5/Ratswahl_NRW_205_Wahlbezirk_22_DahlVolmetal.html
4223;4223 Priorei;http://www.wahlergebnisse.stadt-hagen.de/prod/KW2020/05914000/html5/Ratswahl_NRW_205_Stimmbezirk_4223_Priorei.html;Eilpe/Dahl;22;22 Dahl/Volmetal;http://www.wahlergebnisse.stadt-hagen.de/prod/KW2020/05914000/html5/Ratswahl_NRW_205_Wahlbezirk_22_DahlVolmetal.html
4224;4224 Rummenohl;http://www.wahlergebnisse.stadt-hagen.de/prod/KW2020/05914000/html5/Ratswahl_NRW_205_Stimmbezirk_4224_Rummenohl.html;Eilpe/Dahl;22;22 Dahl/Volmetal;http://www.wahlergebnisse.stadt-hagen.de/prod/KW2020/05914000/html5/Ratswahl_NRW_205_Wahlbezirk_22_DahlVolmetal.html
4225;4225 Zum Hohenhof / Sürenhagen;http://www.wahlergebnisse.stadt-hagen.de/prod/KW2020/05914000/html5/Ratswahl_NRW_205_Stimmbezirk_4225_Zum_Hohenhof__Suerenhagen.html;Eilpe/Dahl;22;22 Dahl/Volmetal;http://www.wahlergebnisse.stadt-hagen.de/prod/KW2020/05914000/html5/Ratswahl_NRW_205_Wahlbezirk_22_DahlVolmetal.html
5231;5231 Jungfernbruch / Haus Harkorten;http://www.wahlergebnisse.stadt-hagen.de/prod/KW2020/05914000/html5/Ratswahl_NRW_205_Stimmbezirk_5231_Jungfernbruch__Haus_Harkorten.html;Haspe;23;23 Geweke/Spielbrink;http://www.wahlergebnisse.stadt-hagen.de/prod/KW2020/05914000/html5/Ratswahl_NRW_205_Wahlbezirk_23_GewekeSpielbrink.html
5232;5232 Büdding;http://www.wahlergebnisse.stadt-hagen.de/prod/KW2020/05914000/html5/Ratswahl_NRW_205_Stimmbezirk_5232_Buedding.html;Haspe;23;23 Geweke/Spielbrink;http://www.wahlergebnisse.stadt-hagen.de/prod/KW2020/05914000/html5/Ratswahl_NRW_205_Wahlbezirk_23_GewekeSpielbrink.html
5233;5233 Spielbrinkstr.;http://www.wahlergebnisse.stadt-hagen.de/prod/KW2020/05914000/html5/Ratswahl_NRW_205_Stimmbezirk_5233_Spielbrinkstr.html;Haspe;23;23 Geweke/Spielbrink;http://www.wahlergebnisse.stadt-hagen.de/prod/KW2020/05914000/html5/Ratswahl_NRW_205_Wahlbezirk_23_GewekeSpielbrink.html
5234;5234 Geweke / Auf dem Gelling;http://www.wahlergebnisse.stadt-hagen.de/prod/KW2020/05914000/html5/Ratswahl_NRW_205_Stimmbezirk_5234_Geweke__Auf_dem_Gelling.html;Haspe;23;23 Geweke/Spielbrink;http://www.wahlergebnisse.stadt-hagen.de/prod/KW2020/05914000/html5/Ratswahl_NRW_205_Wahlbezirk_23_GewekeSpielbrink.html
5235;5235 Tückingstr.;http://www.wahlergebnisse.stadt-hagen.de/prod/KW2020/05914000/html5/Ratswahl_NRW_205_Stimmbezirk_5235_Tueckingstr.html;Haspe;23;23 Geweke/Spielbrink;http://www.wahlergebnisse.stadt-hagen.de/prod/KW2020/05914000/html5/Ratswahl_NRW_205_Wahlbezirk_23_GewekeSpielbrink.html
5241;5241 Hüttenplatz;http://www.wahlergebnisse.stadt-hagen.de/prod/KW2020/05914000/html5/Ratswahl_NRW_205_Stimmbezirk_5241_Huettenplatz.html;Haspe;24;24 Haspe-Mitte/Kückelhausen;http://www.wahlergebnisse.stadt-hagen.de/prod/KW2020/05914000/html5/Ratswahl_NRW_205_Wahlbezirk_24_HaspeMitteKueckelhausen.html
5242;5242 Tillmanns- / Kölner Str.;http://www.wahlergebnisse.stadt-hagen.de/prod/KW2020/05914000/html5/Ratswahl_NRW_205_Stimmbezirk_5242_Tillmanns__Koelner_Str.html;Haspe;24;24 Haspe-Mitte/Kückelhausen;http://www.wahlergebnisse.stadt-hagen.de/prod/KW2020/05914000/html5/Ratswahl_NRW_205_Wahlbezirk_24_HaspeMitteKueckelhausen.html
5243;5243 Leimstr. / Oedeweg;http://www.wahlergebnisse.stadt-hagen.de/prod/KW2020/05914000/html5/Ratswahl_NRW_205_Stimmbezirk_5243_Leimstr__Oedeweg.html;Haspe;24;24 Haspe-Mitte/Kückelhausen;http://www.wahlergebnisse.stadt-hagen.de/prod/KW2020/05914000/html5/Ratswahl_NRW_205_Wahlbezirk_24_HaspeMitteKueckelhausen.html
5244;5244 Dickenbruchstr.;http://www.wahlergebnisse.stadt-hagen.de/prod/KW2020/05914000/html5/Ratswahl_NRW_205_Stimmbezirk_5244_Dickenbruchstr.html;Haspe;24;24 Haspe-Mitte/Kückelhausen;http://www.wahlergebnisse.stadt-hagen.de/prod/KW2020/05914000/html5/Ratswahl_NRW_205_Wahlbezirk_24_HaspeMitteKueckelhausen.html
5251;5251 Steinplatz;http://www.wahlergebnisse.stadt-hagen.de/prod/KW2020/05914000/html5/Ratswahl_NRW_205_Stimmbezirk_5251_Steinplatz.html;Haspe;25;25 Hestert/Steinplatz;http://www.wahlergebnisse.stadt-hagen.de/prod/KW2020/05914000/html5/Ratswahl_NRW_205_Wahlbezirk_25_HestertSteinplatz.html
5252;5252 Am Postkopf;http://www.wahlergebnisse.stadt-hagen.de/prod/KW2020/05914000/html5/Ratswahl_NRW_205_Stimmbezirk_5252_Am_Postkopf.html;Haspe;25;25 Hestert/Steinplatz;http://www.wahlergebnisse.stadt-hagen.de/prod/KW2020/05914000/html5/Ratswahl_NRW_205_Wahlbezirk_25_HestertSteinplatz.html
5253;5253 Klutert;http://www.wahlergebnisse.stadt-hagen.de/prod/KW2020/05914000/html5/Ratswahl_NRW_205_Stimmbezirk_5253_Klutert.html;Haspe;25;25 Hestert/Steinplatz;http://www.wahlergebnisse.stadt-hagen.de/prod/KW2020/05914000/html5/Ratswahl_NRW_205_Wahlbezirk_25_HestertSteinplatz.html
5254;5254 Hestert;http://www.wahlergebnisse.stadt-hagen.de/prod/KW2020/05914000/html5/Ratswahl_NRW_205_Stimmbezirk_5254_Hestert.html;Haspe;25;25 Hestert/Steinplatz;http://www.wahlergebnisse.stadt-hagen.de/prod/KW2020/05914000/html5/Ratswahl_NRW_205_Wahlbezirk_25_HestertSteinplatz.html
5255;5255 Kettelbach;http://www.wahlergebnisse.stadt-hagen.de/prod/KW2020/05914000/html5/Ratswahl_NRW_205_Stimmbezirk_5255_Kettelbach.html;Haspe;25;25 Hestert/Steinplatz;http://www.wahlergebnisse.stadt-hagen.de/prod/KW2020/05914000/html5/Ratswahl_NRW_205_Wahlbezirk_25_HestertSteinplatz.html
5256;5256 Am Karweg;http://www.wahlergebnisse.stadt-hagen.de/prod/KW2020/05914000/html5/Ratswahl_NRW_205_Stimmbezirk_5256_Am_Karweg.html;Haspe;25;25 Hestert/Steinplatz;http://www.wahlergebnisse.stadt-hagen.de/prod/KW2020/05914000/html5/Ratswahl_NRW_205_Wahlbezirk_25_HestertSteinplatz.html
5261;5261 Baukloh;http://www.wahlergebnisse.stadt-hagen.de/prod/KW2020/05914000/html5/Ratswahl_NRW_205_Stimmbezirk_5261_Baukloh.html;Haspe;26;26 Westerbauer/Quambusch;http://www.wahlergebnisse.stadt-hagen.de/prod/KW2020/05914000/html5/Ratswahl_NRW_205_Wahlbezirk_26_WesterbauerQuambusch.html
5262;5262 Ähren- / Twittingstr.;http://www.wahlergebnisse.stadt-hagen.de/prod/KW2020/05914000/html5/Ratswahl_NRW_205_Stimmbezirk_5262_Aehren__Twittingstr.html;Haspe;26;26 Westerbauer/Quambusch;http://www.wahlergebnisse.stadt-hagen.de/prod/KW2020/05914000/html5/Ratswahl_NRW_205_Wahlbezirk_26_WesterbauerQuambusch.html
5263;5263 Grazer Str.;http://www.wahlergebnisse.stadt-hagen.de/prod/KW2020/05914000/html5/Ratswahl_NRW_205_Stimmbezirk_5263_Grazer_Str.html;Haspe;26;26 Westerbauer/Quambusch;http://www.wahlergebnisse.stadt-hagen.de/prod/KW2020/05914000/html5/Ratswahl_NRW_205_Wahlbezirk_26_WesterbauerQuambusch.html
5264;5264 Harkortstr.;http://www.wahlergebnisse.stadt-hagen.de/prod/KW2020/05914000/html5/Ratswahl_NRW_205_Stimmbezirk_5264_Harkortstr.html;Haspe;26;26 Westerbauer/Quambusch;http://www.wahlergebnisse.stadt-hagen.de/prod/KW2020/05914000/html5/Ratswahl_NRW_205_Wahlbezirk_26_WesterbauerQuambusch.html
5265;5265 Westerbauer;http://www.wahlergebnisse.stadt-hagen.de/prod/KW2020/05914000/html5/Ratswahl_NRW_205_Stimmbezirk_5265_Westerbauer.html;Haspe;26;26 Westerbauer/Quambusch;http://www.wahlergebnisse.stadt-hagen.de/prod/KW2020/05914000/html5/Ratswahl_NRW_205_Wahlbezirk_26_WesterbauerQuambusch.html
5266;5266 Gabelsbergerstr.;http://www.wahlergebnisse.stadt-hagen.de/prod/KW2020/05914000/html5/Ratswahl_NRW_205_Stimmbezirk_5266_Gabelsbergerstr.html;Haspe;26;26 Westerbauer/Quambusch;http://www.wahlergebnisse.stadt-hagen.de/prod/KW2020/05914000/html5/Ratswahl_NRW_205_Wahlbezirk_26_WesterbauerQuambusch.html
6001;Briefwahlbezirk 6001;http://www.wahlergebnisse.stadt-hagen.de/prod/KW2020/05914000/html5/Ratswahl_NRW_205_Stimmbezirk_Briefwahlbezirk_6001.html;Hagen-Mitte;01;01 Mittelstadt;http://www.wahlergebnisse.stadt-hagen.de/prod/KW2020/05914000/html5/Ratswahl_NRW_205_Wahlbezirk_01_Mittelstadt.html
6002;Briefwahlbezirk 6002;http://www.wahlergebnisse.stadt-hagen.de/prod/KW2020/05914000/html5/Ratswahl_NRW_205_Stimmbezirk_Briefwahlbezirk_6002.html;Hagen-Mitte;02;02 Altenhagen-Süd;http://www.wahlergebnisse.stadt-hagen.de/prod/KW2020/05914000/html5/Ratswahl_NRW_205_Wahlbezirk_02_AltenhagenSued.html
6003;Briefwahlbezirk 6003;http://www.wahlergebnisse.stadt-hagen.de/prod/KW2020/05914000/html5/Ratswahl_NRW_205_Stimmbezirk_Briefwahlbezirk_6003.html;Hagen-Mitte;03;03 Altenhagen-West;http://www.wahlergebnisse.stadt-hagen.de/prod/KW2020/05914000/html5/Ratswahl_NRW_205_Wahlbezirk_03_AltenhagenWest.html
6004;Briefwahlbezirk 6004;http://www.wahlergebnisse.stadt-hagen.de/prod/KW2020/05914000/html5/Ratswahl_NRW_205_Stimmbezirk_Briefwahlbezirk_6004.html;Hagen-Mitte;04;04 Altenhagen-Ost;http://www.wahlergebnisse.stadt-hagen.de/prod/KW2020/05914000/html5/Ratswahl_NRW_205_Wahlbezirk_04_AltenhagenOst.html
6005;Briefwahlbezirk 6005;http://www.wahlergebnisse.stadt-hagen.de/prod/KW2020/05914000/html5/Ratswahl_NRW_205_Stimmbezirk_Briefwahlbezirk__6005.html;Hagen-Mitte;05;05 Fleyerviertel;http://www.wahlergebnisse.stadt-hagen.de/prod/KW2020/05914000/html5/Ratswahl_NRW_205_Wahlbezirk_05_Fleyerviertel.html
6006;Briefwahlbezirk 6006;http://www.wahlergebnisse.stadt-hagen.de/prod/KW2020/05914000/html5/Ratswahl_NRW_205_Stimmbezirk_Briefwahlbezirk_6006.html;Hagen-Mitte;06;06 Eppenhausen;http://www.wahlergebnisse.stadt-hagen.de/prod/KW2020/05914000/html5/Ratswahl_NRW_205_Wahlbezirk_06_Eppenhausen.html
6007;Briefwahlbezirk 6007;http://www.wahlergebnisse.stadt-hagen.de/prod/KW2020/05914000/html5/Ratswahl_NRW_205_Stimmbezirk_Briefwahlbezirk_6007.html;Hagen-Mitte;07;07 Emst;http://www.wahlergebnisse.stadt-hagen.de/prod/KW2020/05914000/html5/Ratswahl_NRW_205_Wahlbezirk_07_Emst.html
6008;Briefwahlbezirk 6008;http://www.wahlergebnisse.stadt-hagen.de/prod/KW2020/05914000/html5/Ratswahl_NRW_205_Stimmbezirk_Briefwahlbezirk_6008.html;Hagen-Mitte;08;08 Remberg;http://www.wahlergebnisse.stadt-hagen.de/prod/KW2020/05914000/html5/Ratswahl_NRW_205_Wahlbezirk_08_Remberg.html
6009;Briefwahlbezirk 6009;http://www.wahlergebnisse.stadt-hagen.de/prod/KW2020/05914000/html5/Ratswahl_NRW_205_Stimmbezirk_Briefwahlbezirk_6009.html;Hagen-Mitte;09;09 Wehringhausen/Stadtgarten;http://www.wahlergebnisse.stadt-hagen.de/prod/KW2020/05914000/html5/Ratswahl_NRW_205_Wahlbezirk_09_WehringhausenStadtgarten.html
6010;Briefwahlbezirk 6010;http://www.wahlergebnisse.stadt-hagen.de/prod/KW2020/05914000/html5/Ratswahl_NRW_205_Stimmbezirk_Briefwahlbezirk_6010.html;Hagen-Mitte;10;10 Wehringhausen/Kuhlerkamp;http://www.wahlergebnisse.stadt-hagen.de/prod/KW2020/05914000/html5/Ratswahl_NRW_205_Wahlbezirk_10_WehringhausenKuhlerkamp.html
6011;Briefwahlbezirk 6011;http://www.wahlergebnisse.stadt-hagen.de/prod/KW2020/05914000/html5/Ratswahl_NRW_205_Stimmbezirk_Briefwahlbezirk_6011.html;Hagen-Nord;11;11 Boele/Hengstey/Brockhausen;http://www.wahlergebnisse.stadt-hagen.de/prod/KW2020/05914000/html5/Ratswahl_NRW_205_Wahlbezirk_11_BoeleHengsteyBrockhausen.html
6012;Briefwahlbezirk 6012;http://www.wahlergebnisse.stadt-hagen.de/prod/KW2020/05914000/html5/Ratswahl_NRW_205_Stimmbezirk_Briefwahlbezirk_6012.html;Hagen-Nord;12;12 Kabel/Bathey/Garenfeld;http://www.wahlergebnisse.stadt-hagen.de/prod/KW2020/05914000/html5/Ratswahl_NRW_205_Wahlbezirk_12_KabelBatheyGarenfeld.html
6013;Briefwahlbezirk 6013;http://www.wahlergebnisse.stadt-hagen.de/prod/KW2020/05914000/html5/Ratswahl_NRW_205_Stimmbezirk_Briefwahlbezirk_6013.html;Hagen-Nord;13;13 Helfe/Fley;http://www.wahlergebnisse.stadt-hagen.de/prod/KW2020/05914000/html5/Ratswahl_NRW_205_Wahlbezirk_13_HelfeFley.html
6014;Briefwahlbezirk 6014;http://www.wahlergebnisse.stadt-hagen.de/prod/KW2020/05914000/html5/Ratswahl_NRW_205_Stimmbezirk_Briefwahlbezirk_6014.html;Hagen-Nord;14;14 Boelerheide;http://www.wahlergebnisse.stadt-hagen.de/prod/KW2020/05914000/html5/Ratswahl_NRW_205_Wahlbezirk_14_Boelerheide.html
6015;Briefwahlbezirk 6015;http://www.wahlergebnisse.stadt-hagen.de/prod/KW2020/05914000/html5/Ratswahl_NRW_205_Stimmbezirk_Briefwahlbezirk_6015.html;Hagen-Nord;15;15 Vorhalle/Eckesey;http://www.wahlergebnisse.stadt-hagen.de/prod/KW2020/05914000/html5/Ratswahl_NRW_205_Wahlbezirk_15_VorhalleEckesey.html
6016;Briefwahlbezirk 6016;http://www.wahlergebnisse.stadt-hagen.de/prod/KW2020/05914000/html5/Ratswahl_NRW_205_Stimmbezirk_Briefwahlbezirk_6016.html;Hohenlimburg;16;16 Hohenlimburg-Nord;http://www.wahlergebnisse.stadt-hagen.de/prod/KW2020/05914000/html5/Ratswahl_NRW_205_Wahlbezirk_16_HohenlimburgNord.html
6017;Briefwahlbezirk 6017;http://www.wahlergebnisse.stadt-hagen.de/prod/KW2020/05914000/html5/Ratswahl_NRW_205_Stimmbezirk_Briefwahlbezirk_6017.html;Hohenlimburg;17;17 Hohenlimburg-Ost;http://www.wahlergebnisse.stadt-hagen.de/prod/KW2020/05914000/html5/Ratswahl_NRW_205_Wahlbezirk_17_HohenlimburgOst.html
6018;Briefwahlbezirk 6018;http://www.wahlergebnisse.stadt-hagen.de/prod/KW2020/05914000/html5/Ratswahl_NRW_205_Stimmbezirk_Briefwahlbezirk_6018.html;Hohenlimburg;18;18 Hohenlimburg-Süd;http://www.wahlergebnisse.stadt-hagen.de/prod/KW2020/05914000/html5/Ratswahl_NRW_205_Wahlbezirk_18_HohenlimburgSued.html
6019;Briefwahlbezirk 6019;http://www.wahlergebnisse.stadt-hagen.de/prod/KW2020/05914000/html5/Ratswahl_NRW_205_Stimmbezirk_Briefwahlbezirk_6019.html;Hohenlimburg;19;19 Hohenlimburg-West;http://www.wahlergebnisse.stadt-hagen.de/prod/KW2020/05914000/html5/Ratswahl_NRW_205_Wahlbezirk_19_HohenlimburgWest.html
6020;Briefwahlbezirk 6020;http://www.wahlergebnisse.stadt-hagen.de/prod/KW2020/05914000/html5/Ratswahl_NRW_205_Stimmbezirk_Briefwahlbezirk_6020.html;Eilpe/Dahl;20;20 Eilpe-Zentrum/Oberhagen;http://www.wahlergebnisse.stadt-hagen.de/prod/KW2020/05914000/html5/Ratswahl_NRW_205_Wahlbezirk_20_EilpeZentrumOberhagen.html
6021;Briefwahlbezirk 6021;http://www.wahlergebnisse.stadt-hagen.de/prod/KW2020/05914000/html5/Ratswahl_NRW_205_Stimmbezirk_Briefwahlbezirk_6021.html;Eilpe/Dahl;21;21 Eilper Feld/Delstern;http://www.wahlergebnisse.stadt-hagen.de/prod/KW2020/05914000/html5/Ratswahl_NRW_205_Wahlbezirk_21_Eilper_FeldDelstern.html
6022;Briefwahlbezirk 6022;http://www.wahlergebnisse.stadt-hagen.de/prod/KW2020/05914000/html5/Ratswahl_NRW_205_Stimmbezirk_Briefwahlbezirk_6022.html;Eilpe/Dahl;22;22 Dahl/Volmetal;http://www.wahlergebnisse.stadt-hagen.de/prod/KW2020/05914000/html5/Ratswahl_NRW_205_Wahlbezirk_22_DahlVolmetal.html
6023;Briefwahlbezirk 6023;http://www.wahlergebnisse.stadt-hagen.de/prod/KW2020/05914000/html5/Ratswahl_NRW_205_Stimmbezirk_Briefwahlbezirk_6023.html;Haspe;23;23 Geweke/Spielbrink;http://www.wahlergebnisse.stadt-hagen.de/prod/KW2020/05914000/html5/Ratswahl_NRW_205_Wahlbezirk_23_GewekeSpielbrink.html
6024;Briefwahlbezirk 6024;http://www.wahlergebnisse.stadt-hagen.de/prod/KW2020/05914000/html5/Ratswahl_NRW_205_Stimmbezirk_Briefwahlbezirk_6024.html;Haspe;24;24 Haspe-Mitte/Kückelhausen;http://www.wahlergebnisse.stadt-hagen.de/prod/KW2020/05914000/html5/Ratswahl_NRW_205_Wahlbezirk_24_HaspeMitteKueckelhausen.html
6025;Briefwahlbezirk 6025;http://www.wahlergebnisse.stadt-hagen.de/prod/KW2020/05914000/html5/Ratswahl_NRW_205_Stimmbezirk_Briefwahlbezirk_6025.html;Haspe;25;25 Hestert/Steinplatz;http://www.wahlergebnisse.stadt-hagen.de/prod/KW2020/05914000/html5/Ratswahl_NRW_205_Wahlbezirk_25_HestertSteinplatz.html
6026;Briefwahlbezirk 6026;http://www.wahlergebnisse.stadt-hagen.de/prod/KW2020/05914000/html5/Ratswahl_NRW_205_Stimmbezirk_Briefwahlbezirk_6026.html;Haspe;26;26 Westerbauer/Quambusch;http://www.wahlergebnisse.stadt-hagen.de/prod/KW2020/05914000/html5/Ratswahl_NRW_205_Wahlbezirk_26_WesterbauerQuambusch.html
